Location,Lat,Lon,LWE_Depth_Median,LWE_Depth_SD,Date
,,,,,
Bergen Park,-33.55,147.66,42.5952684141357,81.905563167619,2002-04-17
Bergen Park,-33.55,147.66,48.5539728607763,55.1284678016064,2002-05-10
Bergen Park,-33.55,147.66,50.3035767034089,45.0494862870126,2002-08-16
Bergen Park,-33.55,147.66,64.9685977619992,56.4073442073699,2002-09-16
Bergen Park,-33.55,147.66,40.580886113496,34.9564958537969,2002-10-16
Bergen Park,-33.55,147.66,3.76004298441042,32.5610378242534,2002-11-16
Bergen Park,-33.55,147.66,8.38901064092776,32.1406581667576,2002-12-16
Bergen Park,-33.55,147.66,10.4411607839741,37.9386664002937,2003-01-16
Bergen Park,-33.55,147.66,0.713456911445344,27.6217571744517,2003-02-15
Bergen Park,-33.55,147.66,8.14753799725592,23.8323376269123,2003-03-16
Bergen Park,-33.55,147.66,7.79687699601322,23.4662426513444,2003-04-16
Bergen Park,-33.55,147.66,19.6326766325654,25.9683669630835,2003-05-11
Bergen Park,-33.55,147.66,60.0142297877332,19.2627321544927,2003-07-16
Bergen Park,-33.55,147.66,77.2616587099668,20.1604629636096,2003-08-16
Bergen Park,-33.55,147.66,84.0200433021375,19.5263738520878,2003-09-16
Bergen Park,-33.55,147.66,85.5251177243261,19.7265185378238,2003-10-16
Bergen Park,-33.55,147.66,45.2634594520484,19.831251119391,2003-11-16
Bergen Park,-33.55,147.66,38.8017745084902,19.187908311998,2003-12-16
Bergen Park,-33.55,147.66,19.2271093394396,22.780679364904,2004-01-07
Bergen Park,-33.55,147.66,7.1340612386184,20.1402994791114,2004-02-17
Bergen Park,-33.55,147.66,16.2261151803285,18.5556940808136,2004-03-16
Bergen Park,-33.55,147.66,-26.3641570147842,18.3368721699326,2004-04-16
Bergen Park,-33.55,147.66,-19.983421267451,18.9926713029431,2004-05-16
Bergen Park,-33.55,147.66,22.5138547724131,19.0238560603593,2004-06-16
Bergen Park,-33.55,147.66,24.4267709616478,17.2136152059635,2004-07-16
Bergen Park,-33.55,147.66,38.8339505959843,18.5252129143883,2004-08-16
Bergen Park,-33.55,147.66,55.7506284404838,19.7023557927664,2004-09-16
Bergen Park,-33.55,147.66,46.3507824339589,17.8959436315757,2004-10-16
Bergen Park,-33.55,147.66,30.0200818420518,21.3826058004277,2004-11-16
Bergen Park,-33.55,147.66,36.7414559031566,24.238228007415,2004-12-16
Bergen Park,-33.55,147.66,26.8468924017707,22.7187733681027,2005-01-16
Bergen Park,-33.55,147.66,-4.77781591020529,21.3908311848853,2005-02-15
Bergen Park,-33.55,147.66,-27.174225688845,20.2818765628992,2005-03-16
Bergen Park,-33.55,147.66,-5.13310372611907,19.3981128549094,2005-04-16
Bergen Park,-33.55,147.66,-19.6290441628383,19.812074060211,2005-05-16
Bergen Park,-33.55,147.66,17.5511496326117,20.2125489415418,2005-06-16
Bergen Park,-33.55,147.66,85.3610627360224,19.0314236697633,2005-07-16
Bergen Park,-33.55,147.66,73.3179243333615,19.2819764500509,2005-08-16
Bergen Park,-33.55,147.66,71.0590646933891,19.1666311286858,2005-09-16
Bergen Park,-33.55,147.66,58.962542869248,18.7220539214876,2005-10-16
Bergen Park,-33.55,147.66,61.6286577964754,18.4165055691105,2005-11-16
Bergen Park,-33.55,147.66,36.1568454902152,23.0236665263974,2005-12-16
Bergen Park,-33.55,147.66,-4.66250833374972,19.3560815838026,2006-01-16
Bergen Park,-33.55,147.66,-21.9650965741314,19.8021525062893,2006-02-15
Bergen Park,-33.55,147.66,-38.701960223902,19.3915115243286,2006-03-16
Bergen Park,-33.55,147.66,-46.9471373790354,19.2144601974055,2006-04-16
Bergen Park,-33.55,147.66,-15.6907610272679,19.0812196364623,2006-05-16
Bergen Park,-33.55,147.66,-25.0731339566215,20.912149086981,2006-06-16
Bergen Park,-33.55,147.66,-7.57936717570998,20.3494133909296,2006-07-16
Bergen Park,-33.55,147.66,2.00231755147831,18.9048873489081,2006-08-16
Bergen Park,-33.55,147.66,6.57620186230426,20.3921331606803,2006-09-16
Bergen Park,-33.55,147.66,5.14745112176666,19.6045783173925,2006-10-16
Bergen Park,-33.55,147.66,-22.0348776235089,19.0982286503205,2006-11-16
Bergen Park,-33.55,147.66,-55.0222520677701,19.9227531425886,2006-12-16
Bergen Park,-33.55,147.66,-79.0115538902295,20.1229551873064,2007-01-16
Bergen Park,-33.55,147.66,-58.0316687432696,19.6357192048958,2007-02-15
Bergen Park,-33.55,147.66,-44.960214039221,19.167957901675,2007-03-16
Bergen Park,-33.55,147.66,-69.0856298605988,19.2056072519352,2007-04-16
Bergen Park,-33.55,147.66,-41.1901267194733,18.823972020335,2007-05-16
Bergen Park,-33.55,147.66,-10.1998752246989,19.4022633846237,2007-06-16
Bergen Park,-33.55,147.66,46.0187324199653,18.8894649122731,2007-07-16
Bergen Park,-33.55,147.66,37.5592426016995,20.4423333364237,2007-08-16
Bergen Park,-33.55,147.66,35.9391849114987,20.2787897171149,2007-09-16
Bergen Park,-33.55,147.66,2.89820877814981,20.7184012473608,2007-10-16
Bergen Park,-33.55,147.66,6.02257093617639,21.3327384253993,2007-11-16
Bergen Park,-33.55,147.66,19.622336273856,20.4506030021174,2007-12-16
Bergen Park,-33.55,147.66,24.6572110776748,20.0774308866874,2008-01-16
Bergen Park,-33.55,147.66,13.14963790469,21.7614006561958,2008-02-15
Bergen Park,-33.55,147.66,-22.7025090407414,20.3263516575201,2008-03-16
Bergen Park,-33.55,147.66,-15.1067224092299,21.6818821625874,2008-04-16
Bergen Park,-33.55,147.66,-40.2304880412114,20.6770843051977,2008-05-16
Bergen Park,-33.55,147.66,-3.16814407619961,20.0521929664891,2008-06-16
Bergen Park,-33.55,147.66,5.255587017208,20.3498696093085,2008-07-16
Bergen Park,-33.55,147.66,3.21827179873615,19.8599971476282,2008-08-16
Bergen Park,-33.55,147.66,12.4196374564583,20.1599166965268,2008-09-16
Bergen Park,-33.55,147.66,13.8649647080494,19.7379898094774,2008-10-16
Bergen Park,-33.55,147.66,24.8175547395666,21.3124275532729,2008-11-16
Bergen Park,-33.55,147.66,4.83115925727947,21.0906697851543,2008-12-16
Bergen Park,-33.55,147.66,-42.6512710902055,20.7634378687878,2009-01-16
Bergen Park,-33.55,147.66,-49.2286291238587,21.3533367599978,2009-02-15
Bergen Park,-33.55,147.66,-36.0107690845836,21.5314001053908,2009-03-16
Bergen Park,-33.55,147.66,-25.7293842416155,19.6701114212094,2009-04-16
Bergen Park,-33.55,147.66,-36.0134677616787,19.3368646076507,2009-05-16
Bergen Park,-33.55,147.66,-3.10509994873603,19.6479204996618,2009-06-16
Bergen Park,-33.55,147.66,7.55736126402571,21.3245586981653,2009-07-16
Bergen Park,-33.55,147.66,11.9452613425864,20.3382390112129,2009-08-16
Bergen Park,-33.55,147.66,-16.1471109586688,19.9863585436512,2009-09-16
Bergen Park,-33.55,147.66,-9.76920226735493,20.7433564644441,2009-10-16
Bergen Park,-33.55,147.66,-20.5246183515805,20.6661932194691,2009-11-16
Bergen Park,-33.55,147.66,-48.0064966792511,20.9665234521387,2009-12-16
Bergen Park,-33.55,147.66,-42.031452134274,20.7761184702981,2010-01-16
Bergen Park,-33.55,147.66,-17.9788541846524,20.9006064936013,2010-02-15
Bergen Park,-33.55,147.66,12.5296565682766,22.459523530185,2010-03-16
Bergen Park,-33.55,147.66,-1.2521951131205,19.8652820068143,2010-04-16
Bergen Park,-33.55,147.66,-11.3182432118872,19.6247943641353,2010-05-16
Bergen Park,-33.55,147.66,26.5338430494324,23.520245274313,2010-06-16
Bergen Park,-33.55,147.66,47.3440552887433,19.3968664706734,2010-07-16
Bergen Park,-33.55,147.66,96.7387190766593,18.1852763492278,2010-08-16
Bergen Park,-33.55,147.66,121.53820070174,19.0972423135285,2010-09-16
Bergen Park,-33.55,147.66,113.695909646266,20.3859672580514,2010-10-16
Bergen Park,-33.55,147.66,112.012473182443,21.12472851038,2010-11-16
Bergen Park,-33.55,147.66,128.893149406543,22.9944461882121,2010-12-14
Bergen Park,-33.55,147.66,122.87021309012,27.3729027827641,2011-02-18
Bergen Park,-33.55,147.66,121.039369047068,26.4918346339808,2011-03-16
Bergen Park,-33.55,147.66,94.4353529043395,24.2199474382335,2011-04-16
Bergen Park,-33.55,147.66,89.3071198792017,21.543861096362,2011-05-16
Bergen Park,-33.55,147.66,143.43453571485,22.9116969301675,2011-07-18
Bergen Park,-33.55,147.66,152.229668871749,20.6627643670631,2011-08-16
Bergen Park,-33.55,147.66,115.407281163685,19.9064826474595,2011-09-16
Bergen Park,-33.55,147.66,122.026581013491,19.1137335886475,2011-10-16
Bergen Park,-33.55,147.66,113.990206956875,19.5872304971343,2011-11-01
Bergen Park,-33.55,147.66,95.9410970545021,19.1546887641864,2012-01-01
Bergen Park,-33.55,147.66,83.2640483463857,18.1060673581468,2012-01-16
Bergen Park,-33.55,147.66,94.5588709472678,19.3339247829097,2012-02-15
Bergen Park,-33.55,147.66,207.092460058928,17.7569309838854,2012-03-16
Bergen Park,-33.55,147.66,172.78120797068,21.5591348692398,2012-04-04
Bergen Park,-33.55,147.66,162.998185693873,19.8193625004442,2012-06-16
Bergen Park,-33.55,147.66,183.718021226539,19.0019854953806,2012-07-16
Bergen Park,-33.55,147.66,172.952999227071,18.244458421291,2012-08-16
Bergen Park,-33.55,147.66,166.452283488075,20.7715806510519,2012-09-13
Bergen Park,-33.55,147.66,88.3955077333446,20.9374244244625,2012-11-18
Bergen Park,-33.55,147.66,70.1749124831534,19.16840267314,2012-12-16
Bergen Park,-33.55,147.66,44.9730931263193,18.8802880444557,2013-01-16
Bergen Park,-33.55,147.66,31.4894339737136,20.4399160785608,2013-02-14
Bergen Park,-33.55,147.66,48.6212430332434,21.7220878068411,2013-04-21
Bergen Park,-33.55,147.66,27.6628616756364,18.7527993149349,2013-05-16
Bergen Park,-33.55,147.66,107.379096875492,19.6637920634373,2013-06-16
Bergen Park,-33.55,147.66,143.01451632117,19.8890521588244,2013-07-16
Bergen Park,-33.55,147.66,85.6209895660611,19.9275754448909,2013-10-16
Bergen Park,-33.55,147.66,68.9882381302519,18.7915894035109,2013-11-16
Bergen Park,-33.55,147.66,43.4421608833255,18.8427224421232,2013-12-16
Bergen Park,-33.55,147.66,11.2846933505458,23.2700707894592,2014-01-09
Bergen Park,-33.55,147.66,18.6597777772642,17.295865294963,2014-03-16
Bergen Park,-33.55,147.66,60.2004903047473,17.8825467094276,2014-04-16
Bergen Park,-33.55,147.66,47.9134546640896,17.7913313581801,2014-05-16
Bergen Park,-33.55,147.66,61.199520961402,19.7637638416966,2014-06-13
Bergen Park,-33.55,147.66,97.7419915912321,18.4920957551098,2014-08-16
Bergen Park,-33.55,147.66,110.417414214788,18.211102907102,2014-09-16
Bergen Park,-33.55,147.66,65.8074355885655,17.4748068637966,2014-10-16
Bergen Park,-33.55,147.66,62.2501293968904,17.4464677777151,2014-11-17
Bergen Park,-33.55,147.66,34.8634815212862,20.3860125007677,2015-01-22
Bergen Park,-33.55,147.66,47.2073299101512,35.1283420466919,2015-02-15
Bergen Park,-33.55,147.66,6.48960357487835,15.9258184827436,2015-03-16
Bergen Park,-33.55,147.66,24.4387538416078,16.9914840859605,2015-04-16
Bergen Park,-33.55,147.66,47.1385507757565,18.7415524060769,2015-04-27
Bergen Park,-33.55,147.66,119.487904592672,21.183585435248,2015-07-15
Bergen Park,-33.55,147.66,125.623820869653,18.92755461522,2015-08-16
Bergen Park,-33.55,147.66,124.657922046053,20.9378933441313,2015-09-14
Bergen Park,-33.55,147.66,60.9583517349277,21.0711999692033,2015-12-23
Bergen Park,-33.55,147.66,59.2948773823991,19.4588134091539,2016-01-16
Bergen Park,-33.55,147.66,2.69192568505782,18.3616656268724,2016-02-14
Bergen Park,-33.55,147.66,9.29375219140122,19.3256926918078,2016-03-16
Bergen Park,-33.55,147.66,32.7522639234791,21.2537254935522,2016-05-20
Bergen Park,-33.55,147.66,76.5228640674256,19.9874516467485,2016-06-16
Bergen Park,-33.55,147.66,126.665752494471,20.7522787595015,2016-07-15
Bergen Park,-33.55,147.66,133.194109199986,24.6481483647765,2016-08-21
Bergen Park,-33.55,147.66,115.827041822301,39.3295276939136,2016-11-27
Bergen Park,-33.55,147.66,123.104028015057,39.9086363873203,2016-12-24
Bergen Park,-33.55,147.66,64.1994612640137,40.905421413999,2017-01-21
Bergen Park,-33.55,147.66,77.5010434558851,41.6430392858203,2017-03-31
Bergen Park,-33.55,147.66,79.8124059220112,40.5816474567509,2017-04-24
Bergen Park,-33.55,147.66,84.7556876577929,38.821916930502,2017-05-12
Bergen Park,-33.55,147.66,73.2919436160924,38.5010252823219,2017-06-11
Bergen Park,-33.55,147.66,-11.5768065182059,21.8194266269657,2018-06-16
Bergen Park,-33.55,147.66,9.89288919194184,19.9231696486457,2018-07-10
Bergen Park,-33.55,147.66,17.8525067328288,19.150508373309,2018-10-31
Bergen Park,-33.55,147.66,16.3510205137359,16.9453715018036,2018-11-16
Bergen Park,-33.55,147.66,21.1267920233881,16.5683132756381,2018-12-16
Bergen Park,-33.55,147.66,-25.5639898510144,16.5229394271577,2019-01-16
Bergen Park,-33.55,147.66,-42.6676551572148,16.8224310696828,2019-02-14
Bergen Park,-33.55,147.66,-47.5017344518324,16.3441275434678,2019-03-16
Bergen Park,-33.55,147.66,-21.9137282316758,16.4263562209911,2019-04-16
Bergen Park,-33.55,147.66,-18.0301292243411,16.3527282849724,2019-05-16
Bergen Park,-33.55,147.66,-22.0182687679647,16.4426223509734,2019-06-16
Bergen Park,-33.55,147.66,-0.33974781801904,16.4493701612117,2019-07-16
Bergen Park,-33.55,147.66,-30.6379439995909,16.539291679673,2019-08-16
Bergen Park,-33.55,147.66,-22.897949341643,16.443679195974,2019-09-16
Bergen Park,-33.55,147.66,-11.2724442831773,16.3754003996488,2019-10-16
Bergen Park,-33.55,147.66,-11.119654051821,16.4016659008938,2019-11-16
Bergen Park,-33.55,147.66,-58.8836940066412,16.3185582638266,2019-12-16
Bergen Park,-33.55,147.66,-77.6682507987062,16.7322621030191,2020-01-16
Bergen Park,-33.55,147.66,-24.5161680435007,16.7584581762608,2020-02-15
Bergen Park,-33.55,147.66,12.9567397635184,16.4305189871578,2020-03-16
Bergen Park,-33.55,147.66,34.2567963362824,16.3996786720337,2020-04-16
Bergen Park,-33.55,147.66,45.29696226168,16.4562591205672,2020-05-16
Bergen Park,-33.55,147.66,46.838661990709,16.3859668591168,2020-06-16
Bergen Park,-33.55,147.66,68.5612196285474,16.4139455329102,2020-07-16
Bergen Park,-33.55,147.66,86.6844062314008,16.4756597546253,2020-08-16
Bergen Park,-33.55,147.66,82.6284008511491,16.3575684578809,2020-09-16
Bergen Park,-33.55,147.66,74.7652435737085,16.494057069194,2020-10-16
Bergen Park,-33.55,147.66,82.0293592988927,16.6271097752184,2020-11-16
Bergen Park,-33.55,147.66,62.349534855786,16.4554706730872,2020-12-16
Bergen Park,-33.55,147.66,60.4020123944043,16.4305241454905,2021-01-16
Bergen Park,-33.55,147.66,76.4729563124697,16.4959705015122,2021-02-15
Bergen Park,-33.55,147.66,52.0022966118771,16.3747877042713,2021-03-16
Bergen Park,-33.55,147.66,74.7958301743529,16.2414282026035,2021-04-16
Bergen Park,-33.55,147.66,77.3173909931584,16.3144465546982,2021-05-16
Bergen Park,-33.55,147.66,117.607451241452,16.352225087146,2021-06-16
Bergen Park,-33.55,147.66,135.464543873889,16.2685112499457,2021-07-16
Bergen Park,-33.55,147.66,146.906090918361,16.3248107646076,2021-08-16
Bergen Park,-33.55,147.66,133.076951879245,16.3989385553936,2021-09-16
Bergen Park,-33.55,147.66,164.407290464765,16.2886414502634,2021-10-16
Bergen Park,-33.55,147.66,172.699054556312,16.5022306709684,2021-11-16
Bergen Park,-33.55,147.66,188.69316736947,17.5058019371976,2021-12-16
Bergen Park,-33.55,147.66,148.747226156384,18.6018220038035,2022-01-16
Bergen Park,-33.55,147.66,121.116704049549,20.0354014446886,2022-02-15
Bergen Park,-33.55,147.66,108.093960379303,20.9669095203527,2022-03-16
Bergen Park,-33.55,147.66,103.609429043345,22.1273189201781,2022-04-16
Bergen Park,-33.55,147.66,183.358275532795,23.3540202744931,2022-05-16
Bergen Park,-33.55,147.66,186.738992148701,24.4963860557665,2022-06-16
Bergen Park,-33.55,147.66,219.554026471627,25.7772554475176,2022-07-16
Bergen Park,-33.55,147.66,229.866268650234,33.7796428121293,2022-08-16
Bergen Park,-33.55,147.66,237.500529230518,41.9647770287854,2022-09-16
Bergen Park,-33.55,147.66,339.920393760872,50.7519372228676,2022-10-16
Bergen Park,-33.55,147.66,371.485146968417,60.6478171666632,2022-11-16
Glencoe,-33.37,147.38,41.0120767734365,78.9015600047513,2002-04-17
Glencoe,-33.37,147.38,47.5748275074501,52.6895085225648,2002-05-10
Glencoe,-33.37,147.38,46.1506016354688,43.064944341934,2002-08-16
Glencoe,-33.37,147.38,61.5432649639255,53.5955195764146,2002-09-16
Glencoe,-33.37,147.38,35.9318681454911,33.2939125865732,2002-10-16
Glencoe,-33.37,147.38,1.38246851003886,30.9234964685782,2002-11-16
Glencoe,-33.37,147.38,7.64918680416471,30.7942209378838,2002-12-16
Glencoe,-33.37,147.38,9.60247372507521,35.997608254151,2003-01-16
Glencoe,-33.37,147.38,1.27289598143169,26.2532601471411,2003-02-15
Glencoe,-33.37,147.38,8.68226429995716,22.6842933069792,2003-03-16
Glencoe,-33.37,147.38,9.73166941760151,22.4339201003334,2003-04-16
Glencoe,-33.37,147.38,20.5163565687937,24.9085689697905,2003-05-11
Glencoe,-33.37,147.38,56.7742875002914,18.5137061127698,2003-07-16
Glencoe,-33.37,147.38,73.3407850257166,19.4173305101999,2003-08-16
Glencoe,-33.37,147.38,79.6695885428681,18.9033879941813,2003-09-16
Glencoe,-33.37,147.38,80.7396553345388,19.0871375842903,2003-10-16
Glencoe,-33.37,147.38,42.2559167061685,19.2371465340989,2003-11-16
Glencoe,-33.37,147.38,35.1636259369539,18.669928630824,2003-12-16
Glencoe,-33.37,147.38,18.1875449736407,21.95766633721,2004-01-07
Glencoe,-33.37,147.38,6.46933703398618,19.442404401549,2004-02-17
Glencoe,-33.37,147.38,14.1597272385175,17.9775026895967,2004-03-16
Glencoe,-33.37,147.38,-21.0814023498139,17.7308339741101,2004-04-16
Glencoe,-33.37,147.38,-14.681663064039,18.3403795823773,2004-05-16
Glencoe,-33.37,147.38,26.1963849637654,18.3299498407682,2004-06-16
Glencoe,-33.37,147.38,23.7272181360936,16.6013485659216,2004-07-16
Glencoe,-33.37,147.38,37.3715592910722,17.8168441870614,2004-08-16
Glencoe,-33.37,147.38,54.0478654717471,18.9569955401699,2004-09-16
Glencoe,-33.37,147.38,41.6338726270627,17.3102931419418,2004-10-16
Glencoe,-33.37,147.38,28.4033002698764,20.7318283305916,2004-11-16
Glencoe,-33.37,147.38,35.0733251810128,23.5049190414738,2004-12-16
Glencoe,-33.37,147.38,25.226153295489,22.0543636705681,2005-01-16
Glencoe,-33.37,147.38,-5.77430812895385,20.7071021436288,2005-02-15
Glencoe,-33.37,147.38,-24.38906580856,19.5278217376268,2005-03-16
Glencoe,-33.37,147.38,-2.34098106798189,18.5954462895583,2005-04-16
Glencoe,-33.37,147.38,-18.3439655289983,18.9264641340189,2005-05-16
Glencoe,-33.37,147.38,18.0368106656857,19.2164603015746,2005-06-16
Glencoe,-33.37,147.38,79.4741196740246,18.0820650533237,2005-07-16
Glencoe,-33.37,147.38,70.1669906452409,18.278330924211,2005-08-16
Glencoe,-33.37,147.38,66.4104747451691,18.1500548404656,2005-09-16
Glencoe,-33.37,147.38,53.459334164791,17.7160767857926,2005-10-16
Glencoe,-33.37,147.38,58.5020894354752,17.43206167409,2005-11-16
Glencoe,-33.37,147.38,33.6061835013897,21.7383191086468,2005-12-16
Glencoe,-33.37,147.38,-5.25166151060032,18.3280455895606,2006-01-16
Glencoe,-33.37,147.38,-17.0430889554997,18.7423408802258,2006-02-15
Glencoe,-33.37,147.38,-36.0700412744143,18.37491988961,2006-03-16
Glencoe,-33.37,147.38,-42.7981023965587,18.2625119269576,2006-04-16
Glencoe,-33.37,147.38,-13.0257299774827,18.1729107239848,2006-05-16
Glencoe,-33.37,147.38,-21.5968261542842,19.8752150884117,2006-06-16
Glencoe,-33.37,147.38,-4.07847245395073,19.3491801018486,2006-07-16
Glencoe,-33.37,147.38,3.49106779458077,18.0661821559584,2006-08-16
Glencoe,-33.37,147.38,6.43184362780567,19.4267152447415,2006-09-16
Glencoe,-33.37,147.38,2.06358306245317,18.724127152949,2006-10-16
Glencoe,-33.37,147.38,-18.8360522092468,18.2886423568109,2006-11-16
Glencoe,-33.37,147.38,-50.5737291816631,19.0827456386637,2006-12-16
Glencoe,-33.37,147.38,-72.882230902566,19.2603506931719,2007-01-16
Glencoe,-33.37,147.38,-53.6349839801498,18.8481622099117,2007-02-15
Glencoe,-33.37,147.38,-41.9582238779188,18.4108467605224,2007-03-16
Glencoe,-33.37,147.38,-62.1745576482087,18.4750602054082,2007-04-16
Glencoe,-33.37,147.38,-35.1526779705789,18.0993733175376,2007-05-16
Glencoe,-33.37,147.38,-6.54604731600442,18.6576332155305,2007-06-16
Glencoe,-33.37,147.38,41.1857392072371,18.1543909949325,2007-07-16
Glencoe,-33.37,147.38,31.580004312337,19.6207482585759,2007-08-16
Glencoe,-33.37,147.38,29.6787172603096,19.4265653165857,2007-09-16
Glencoe,-33.37,147.38,-0.682713838611926,19.8494306720963,2007-10-16
Glencoe,-33.37,147.38,4.08536237786146,20.4506865448316,2007-11-16
Glencoe,-33.37,147.38,16.6090459599822,19.6246294830591,2007-12-16
Glencoe,-33.37,147.38,20.9256278252102,19.2903740540844,2008-01-16
Glencoe,-33.37,147.38,11.2809663287943,20.8414963295492,2008-02-15
Glencoe,-33.37,147.38,-23.8729123120023,19.5326982519831,2008-03-16
Glencoe,-33.37,147.38,-15.5113115524086,20.8649445357442,2008-04-16
Glencoe,-33.37,147.38,-38.5893367812796,19.8897409994318,2008-05-16
Glencoe,-33.37,147.38,-2.08297895780563,19.3747462288475,2008-06-16
Glencoe,-33.37,147.38,2.68011626588889,19.6840467099217,2008-07-16
Glencoe,-33.37,147.38,-0.174351414546914,19.1938076683321,2008-08-16
Glencoe,-33.37,147.38,11.5242447204728,19.4677479818967,2008-09-16
Glencoe,-33.37,147.38,9.26773843714435,19.0268266469017,2008-10-16
Glencoe,-33.37,147.38,22.0580305142607,20.4738555189243,2008-11-16
Glencoe,-33.37,147.38,0.596464544287923,20.2244144096668,2008-12-16
Glencoe,-33.37,147.38,-42.7507459548865,19.8910003348531,2009-01-16
Glencoe,-33.37,147.38,-46.2998175166296,20.3868542624918,2009-02-15
Glencoe,-33.37,147.38,-34.966656332816,20.5200674437238,2009-03-16
Glencoe,-33.37,147.38,-26.4916318186066,18.8129248774489,2009-04-16
Glencoe,-33.37,147.38,-35.3378314175551,18.4438198954239,2009-05-16
Glencoe,-33.37,147.38,-1.67246016084978,18.6440355586312,2009-06-16
Glencoe,-33.37,147.38,7.34168122623064,20.1620000923918,2009-07-16
Glencoe,-33.37,147.38,12.299327573278,19.1584718361427,2009-08-16
Glencoe,-33.37,147.38,-15.3645230208644,18.7595103275899,2009-09-16
Glencoe,-33.37,147.38,-9.98518259566988,19.4316451321834,2009-10-16
Glencoe,-33.37,147.38,-18.7054096901308,19.3664016252194,2009-11-16
Glencoe,-33.37,147.38,-42.5301772300371,19.6122224891792,2009-12-16
Glencoe,-33.37,147.38,-38.3620117732023,19.4491317462219,2010-01-16
Glencoe,-33.37,147.38,-13.3430772243552,19.5700924032869,2010-02-15
Glencoe,-33.37,147.38,17.2423171536948,21.0445223774067,2010-03-16
Glencoe,-33.37,147.38,5.1910395150899,18.6406521751187,2010-04-16
Glencoe,-33.37,147.38,-3.57649861973342,18.4747529351184,2010-05-16
Glencoe,-33.37,147.38,30.6352193877005,22.2857391591748,2010-06-16
Glencoe,-33.37,147.38,48.2024165994776,18.5964528132871,2010-07-16
Glencoe,-33.37,147.38,98.0014011525648,17.5486693816877,2010-08-16
Glencoe,-33.37,147.38,121.295284813709,18.4783280666697,2010-09-16
Glencoe,-33.37,147.38,112.293104478951,19.8216061414528,2010-10-16
Glencoe,-33.37,147.38,111.921916662646,20.6651857675287,2010-11-16
Glencoe,-33.37,147.38,129.560786408912,22.5476668421127,2010-12-14
Glencoe,-33.37,147.38,130.746288379509,26.7483995928594,2011-02-18
Glencoe,-33.37,147.38,130.207083536368,26.0556459138746,2011-03-16
Glencoe,-33.37,147.38,105.241323635635,23.9283442870941,2011-04-16
Glencoe,-33.37,147.38,97.894787325254,21.3283019477621,2011-05-16
Glencoe,-33.37,147.38,145.07352611188,22.5469811622431,2011-07-18
Glencoe,-33.37,147.38,149.95310962408,20.3331290549242,2011-08-16
Glencoe,-33.37,147.38,116.746035164103,19.5200452020317,2011-09-16
Glencoe,-33.37,147.38,122.544974082538,18.7289719920075,2011-10-16
Glencoe,-33.37,147.38,114.613349123177,19.1651600351425,2011-11-01
Glencoe,-33.37,147.38,97.16094678546,18.7875273138063,2012-01-01
Glencoe,-33.37,147.38,86.9479944441706,17.7583816648146,2012-01-16
Glencoe,-33.37,147.38,101.540925730035,18.9224215849076,2012-02-15
Glencoe,-33.37,147.38,206.832784658232,17.4190438937522,2012-03-16
Glencoe,-33.37,147.38,172.618794803226,21.089627645848,2012-04-04
Glencoe,-33.37,147.38,159.74533744985,19.3160081237339,2012-06-16
Glencoe,-33.37,147.38,180.805810872282,18.5766199613083,2012-07-16
Glencoe,-33.37,147.38,173.907003315678,17.8443951180844,2012-08-16
Glencoe,-33.37,147.38,161.923105948415,20.3183935896041,2012-09-13
Glencoe,-33.37,147.38,85.0575005381248,20.4401513544842,2012-11-18
Glencoe,-33.37,147.38,69.8547553504118,18.8028756328188,2012-12-16
Glencoe,-33.37,147.38,46.8227631215145,18.5086437019827,2013-01-16
Glencoe,-33.37,147.38,32.7711626820323,19.9577216887561,2013-02-14
Glencoe,-33.37,147.38,47.2793568836331,21.1255236341313,2013-04-21
Glencoe,-33.37,147.38,28.6263006626033,18.3390829118148,2013-05-16
Glencoe,-33.37,147.38,102.825496419458,19.1683543482743,2013-06-16
Glencoe,-33.37,147.38,136.341373408022,19.305753707391,2013-07-16
Glencoe,-33.37,147.38,81.9299290035969,19.3357302259111,2013-10-16
Glencoe,-33.37,147.38,66.09868940901,18.2421273088848,2013-11-16
Glencoe,-33.37,147.38,42.7120015763182,18.1790473210704,2013-12-16
Glencoe,-33.37,147.38,14.7047820372732,22.3742059478739,2014-01-09
Glencoe,-33.37,147.38,23.6929012934872,16.6645859622114,2014-03-16
Glencoe,-33.37,147.38,58.1241697729799,17.292029192265,2014-04-16
Glencoe,-33.37,147.38,48.3442993572301,17.1779758870641,2014-05-16
Glencoe,-33.37,147.38,63.6057340404254,19.0657778784795,2014-06-13
Glencoe,-33.37,147.38,93.1074595694643,17.9066201375258,2014-08-16
Glencoe,-33.37,147.38,103.704513472897,17.6002804682555,2014-09-16
Glencoe,-33.37,147.38,62.4540196976216,16.8455373367288,2014-10-16
Glencoe,-33.37,147.38,56.9232825407474,16.8431630393289,2014-11-17
Glencoe,-33.37,147.38,35.2021971614238,19.8978778132241,2015-01-22
Glencoe,-33.37,147.38,45.3968877278412,34.4306386709973,2015-02-15
Glencoe,-33.37,147.38,13.5147648912177,15.5010944526929,2015-03-16
Glencoe,-33.37,147.38,25.5898420350361,16.5292982435331,2015-04-16
Glencoe,-33.37,147.38,46.3406325445993,18.2657983896422,2015-04-27
Glencoe,-33.37,147.38,114.055138045267,20.437444146863,2015-07-15
Glencoe,-33.37,147.38,117.504554944348,18.3647315218677,2015-08-16
Glencoe,-33.37,147.38,118.9857488354,20.3224650778645,2015-09-14
Glencoe,-33.37,147.38,59.6974826969101,20.4154244264025,2015-12-23
Glencoe,-33.37,147.38,59.9512083710871,18.8903467248702,2016-01-16
Glencoe,-33.37,147.38,8.49681230486958,17.8357146261949,2016-02-14
Glencoe,-33.37,147.38,13.3015232044033,18.6879383854829,2016-03-16
Glencoe,-33.37,147.38,39.1022093880573,20.5305720426498,2016-05-20
Glencoe,-33.37,147.38,79.7746423203069,19.2475286883076,2016-06-16
Glencoe,-33.37,147.38,125.453804362998,19.9243472260346,2016-07-15
Glencoe,-33.37,147.38,130.489922547125,23.4613576578755,2016-08-21
Glencoe,-33.37,147.38,118.582372591758,37.8036869326043,2016-11-27
Glencoe,-33.37,147.38,120.839988770312,38.2781445465547,2016-12-24
Glencoe,-33.37,147.38,65.9842630821536,39.0609203965567,2017-01-21
Glencoe,-33.37,147.38,78.9279078482825,39.7187503604029,2017-03-31
Glencoe,-33.37,147.38,82.7447404109452,38.7482229715307,2017-04-24
Glencoe,-33.37,147.38,86.4595995671203,37.1665051548287,2017-05-12
Glencoe,-33.37,147.38,74.5920646566651,36.8279569408963,2017-06-11
Glencoe,-33.37,147.38,-8.71382336017093,20.5869174926727,2018-06-16
Glencoe,-33.37,147.38,13.7655865374393,18.738557701307,2018-07-10
Glencoe,-33.37,147.38,17.909933849022,17.9837088356663,2018-10-31
Glencoe,-33.37,147.38,18.3296204544206,15.9093810517579,2018-11-16
Glencoe,-33.37,147.38,22.0201370804988,15.5063190410357,2018-12-16
Glencoe,-33.37,147.38,-22.6238392968718,15.4565431655289,2019-01-16
Glencoe,-33.37,147.38,-36.6663733336272,15.7023521164255,2019-02-14
Glencoe,-33.37,147.38,-41.4538339281143,15.2617933044124,2019-03-16
Glencoe,-33.37,147.38,-19.7407960871995,15.3410907933683,2019-04-16
Glencoe,-33.37,147.38,-11.8259293783486,15.2713973526314,2019-05-16
Glencoe,-33.37,147.38,-16.5605778643666,15.3482689010693,2019-06-16
Glencoe,-33.37,147.38,3.05242628399295,15.3557456297628,2019-07-16
Glencoe,-33.37,147.38,-25.8194250575626,15.4223418282377,2019-08-16
Glencoe,-33.37,147.38,-18.7470990234948,15.3565953301063,2019-09-16
Glencoe,-33.37,147.38,-9.79395971406269,15.2840423085469,2019-10-16
Glencoe,-33.37,147.38,-10.0421568913094,15.3187507666692,2019-11-16
Glencoe,-33.37,147.38,-54.3789214217235,15.2365962791435,2019-12-16
Glencoe,-33.37,147.38,-68.7925266965025,15.6088776623077,2020-01-16
Glencoe,-33.37,147.38,-22.6103574252599,15.6268154412723,2020-02-15
Glencoe,-33.37,147.38,14.4113869852739,15.3388542992022,2020-03-16
Glencoe,-33.37,147.38,34.2473551380782,15.3168700384827,2020-04-16
Glencoe,-33.37,147.38,45.0692384956777,15.3588452328194,2020-05-16
Glencoe,-33.37,147.38,45.3153023641668,15.3086132321847,2020-06-16
Glencoe,-33.37,147.38,66.8765763891298,15.3222260915754,2020-07-16
Glencoe,-33.37,147.38,78.4188458216772,15.3861130271597,2020-08-16
Glencoe,-33.37,147.38,76.675917088062,15.2847382789832,2020-09-16
Glencoe,-33.37,147.38,69.3803584553041,15.3979341987202,2020-10-16
Glencoe,-33.37,147.38,76.3081596149772,15.5293906168099,2020-11-16
Glencoe,-33.37,147.38,55.1715193218394,15.3607227767607,2020-12-16
Glencoe,-33.37,147.38,52.0358273784208,15.3395795346345,2021-01-16
Glencoe,-33.37,147.38,67.8563986660601,15.3966087024952,2021-02-15
Glencoe,-33.37,147.38,46.445117158985,15.2932531170624,2021-03-16
Glencoe,-33.37,147.38,68.9293694940009,15.1736556665261,2021-04-16
Glencoe,-33.37,147.38,68.3635344472365,15.2280250016355,2021-05-16
Glencoe,-33.37,147.38,104.664809067929,15.2836256803611,2021-06-16
Glencoe,-33.37,147.38,123.481133796689,15.1967055547107,2021-07-16
Glencoe,-33.37,147.38,132.35955678321,15.2412651961806,2021-08-16
Glencoe,-33.37,147.38,120.696636739932,15.3122719013441,2021-09-16
Glencoe,-33.37,147.38,147.072342137349,15.2165611599188,2021-10-16
Glencoe,-33.37,147.38,155.028080358596,15.3986139024576,2021-11-16
Glencoe,-33.37,147.38,169.668533869537,16.3252024788308,2021-12-16
Glencoe,-33.37,147.38,132.070530938659,17.3395146811616,2022-01-16
Glencoe,-33.37,147.38,110.863052338358,18.6272778113928,2022-02-15
Glencoe,-33.37,147.38,96.1104521463688,19.5013148312306,2022-03-16
Glencoe,-33.37,147.38,93.8079865337992,20.5638608836895,2022-04-16
Glencoe,-33.37,147.38,167.229881772382,21.6786029502917,2022-05-16
Glencoe,-33.37,147.38,173.919260193905,22.7158756989635,2022-06-16
Glencoe,-33.37,147.38,200.779112984097,23.8964056528378,2022-07-16
Glencoe,-33.37,147.38,210.130799021461,31.2319640378619,2022-08-16
Glencoe,-33.37,147.38,218.104357981601,38.817073239847,2022-09-16
Glencoe,-33.37,147.38,314.688300660879,46.8946970563926,2022-10-16
Glencoe,-33.37,147.38,347.999483969314,56.0043721133078,2022-11-16
Round Cowal,-33.55,147.52,42.9363045916875,82.0655140129212,2002-04-17
Round Cowal,-33.55,147.52,49.1195983947933,54.866895013299,2002-05-10
Round Cowal,-33.55,147.52,50.1352997416892,44.7420472833649,2002-08-16
Round Cowal,-33.55,147.52,64.7365580039766,55.8701882474056,2002-09-16
Round Cowal,-33.55,147.52,39.8948275474278,34.6392319144307,2002-10-16
Round Cowal,-33.55,147.52,3.62738917085712,32.2133036346624,2002-11-16
Round Cowal,-33.55,147.52,8.84607292846558,31.9094180181752,2002-12-16
Round Cowal,-33.55,147.52,10.9810416593933,37.5153588017166,2003-01-16
Round Cowal,-33.55,147.52,1.56466197732437,27.3415171002003,2003-02-15
Round Cowal,-33.55,147.52,8.93499401229668,23.6027499364438,2003-03-16
Round Cowal,-33.55,147.52,9.0526312915089,23.2788248524844,2003-04-16
Round Cowal,-33.55,147.52,20.5161316401395,25.7897941324558,2003-05-11
Round Cowal,-33.55,147.52,59.5023399491067,19.1392178804022,2003-07-16
Round Cowal,-33.55,147.52,77.0069316197257,20.0489484815865,2003-08-16
Round Cowal,-33.55,147.52,83.9178874448724,19.4552205653662,2003-09-16
Round Cowal,-33.55,147.52,85.1869899562444,19.6492131022606,2003-10-16
Round Cowal,-33.55,147.52,45.4387566556426,19.7765213271164,2003-11-16
Round Cowal,-33.55,147.52,38.848412152395,19.159161936436,2003-12-16
Round Cowal,-33.55,147.52,20.2030850149737,22.6695887122749,2004-01-07
Round Cowal,-33.55,147.52,7.38661888238531,20.0514843164226,2004-02-17
Round Cowal,-33.55,147.52,15.3954036723506,18.5012765361975,2004-03-16
Round Cowal,-33.55,147.52,-23.9532355423854,18.2662517928806,2004-04-16
Round Cowal,-33.55,147.52,-17.4686203609965,18.9143735228569,2004-05-16
Round Cowal,-33.55,147.52,24.7121486386169,18.9276373508279,2004-06-16
Round Cowal,-33.55,147.52,24.9081578230667,17.1332940556106,2004-07-16
Round Cowal,-33.55,147.52,39.256461119716,18.4185934055539,2004-08-16
Round Cowal,-33.55,147.52,56.2525908856768,19.5870062099688,2004-09-16
Round Cowal,-33.55,147.52,45.3726974615867,17.818108848998,2004-10-16
Round Cowal,-33.55,147.52,30.5254629238272,21.2980143387986,2004-11-16
Round Cowal,-33.55,147.52,36.9999437949762,24.1188320722306,2004-12-16
Round Cowal,-33.55,147.52,26.8738177855181,22.6196561927401,2005-01-16
Round Cowal,-33.55,147.52,-4.02279990941628,21.2972617599465,2005-02-15
Round Cowal,-33.55,147.52,-24.9671468427958,20.1652196296688,2005-03-16
Round Cowal,-33.55,147.52,-2.90605851954238,19.260147924067,2005-04-16
Round Cowal,-33.55,147.52,-18.2340068923267,19.6516971770784,2005-05-16
Round Cowal,-33.55,147.52,18.6504057922054,20.0154183619359,2005-06-16
Round Cowal,-33.55,147.52,83.8757661563176,18.8421745777647,2005-07-16
Round Cowal,-33.55,147.52,73.2203224680488,19.0754275424698,2005-08-16
Round Cowal,-33.55,147.52,70.527397133485,18.9532112363943,2005-09-16
Round Cowal,-33.55,147.52,58.2059231735655,18.5073553274289,2005-10-16
Round Cowal,-33.55,147.52,61.7806875055505,18.2082171988203,2005-11-16
Round Cowal,-33.55,147.52,36.1709410388674,22.7405604344579,2005-12-16
Round Cowal,-33.55,147.52,-4.2513473312131,19.1414457324042,2006-01-16
Round Cowal,-33.55,147.52,-19.5708145404254,19.5802158093696,2006-02-15
Round Cowal,-33.55,147.52,-37.1429037288749,19.1785537138621,2006-03-16
Round Cowal,-33.55,147.52,-44.8544616900484,19.0261504602624,2006-04-16
Round Cowal,-33.55,147.52,-14.1950364931512,18.9125932414805,2006-05-16
Round Cowal,-33.55,147.52,-23.1713499928662,20.7108569148363,2006-06-16
Round Cowal,-33.55,147.52,-5.71781947086768,20.1544882069282,2006-07-16
Round Cowal,-33.55,147.52,2.88556866245825,18.758054586904,2006-08-16
Round Cowal,-33.55,147.52,6.78970941735501,20.2089124674242,2006-09-16
Round Cowal,-33.55,147.52,3.94953033870138,19.4471486072616,2006-10-16
Round Cowal,-33.55,147.52,-21.0117212016432,18.9633705194625,2006-11-16
Round Cowal,-33.55,147.52,-53.7484718545524,19.7872565326154,2006-12-16
Round Cowal,-33.55,147.52,-77.0309478842865,19.9756559189875,2007-01-16
Round Cowal,-33.55,147.52,-56.7368539169205,19.5144348979489,2007-02-15
Round Cowal,-33.55,147.52,-44.0823771457012,19.0541607800992,2007-03-16
Round Cowal,-33.55,147.52,-66.8628725565956,19.1032435534658,2007-04-16
Round Cowal,-33.55,147.52,-39.2090953306815,18.71676582233,2007-05-16
Round Cowal,-33.55,147.52,-8.98076198579477,19.2959385543545,2007-06-16
Round Cowal,-33.55,147.52,44.50537990931,18.7785014760919,2007-07-16
Round Cowal,-33.55,147.52,35.3893465221296,20.3187186541223,2007-08-16
Round Cowal,-33.55,147.52,33.3532616780574,20.1424618001613,2007-09-16
Round Cowal,-33.55,147.52,1.4077546955071,20.581549936649,2007-10-16
Round Cowal,-33.55,147.52,5.12028669102784,21.1964263031993,2007-11-16
Round Cowal,-33.55,147.52,17.9806465635337,20.3278996699664,2007-12-16
Round Cowal,-33.55,147.52,22.3343960200734,19.9627017310252,2008-01-16
Round Cowal,-33.55,147.52,11.5885046533408,21.6130811455308,2008-02-15
Round Cowal,-33.55,147.52,-23.9526232077729,20.2115786631785,2008-03-16
Round Cowal,-33.55,147.52,-15.8588270272386,21.5744966935674,2008-04-16
Round Cowal,-33.55,147.52,-40.3953767075503,20.5665538258305,2008-05-16
Round Cowal,-33.55,147.52,-3.74465181338139,19.9789043182665,2008-06-16
Round Cowal,-33.55,147.52,3.61496900189686,20.2834020205036,2008-07-16
Round Cowal,-33.55,147.52,1.44777287920518,19.7854779926407,2008-08-16
Round Cowal,-33.55,147.52,11.2666377818335,20.0820756629828,2008-09-16
Round Cowal,-33.55,147.52,11.07518612677,19.6459064575867,2008-10-16
Round Cowal,-33.55,147.52,22.6182238388096,21.1910764090595,2008-11-16
Round Cowal,-33.55,147.52,2.10913149037615,20.9579558504745,2008-12-16
Round Cowal,-33.55,147.52,-43.8619022118753,20.6262963774585,2009-01-16
Round Cowal,-33.55,147.52,-49.4139401949078,21.1856010159357,2009-02-15
Round Cowal,-33.55,147.52,-36.9732244302516,21.3518971173483,2009-03-16
Round Cowal,-33.55,147.52,-27.5799143496207,19.5328358552199,2009-04-16
Round Cowal,-33.55,147.52,-37.292129880539,19.1750821745792,2009-05-16
Round Cowal,-33.55,147.52,-3.91856473982639,19.4452525630925,2009-06-16
Round Cowal,-33.55,147.52,6.38214427039076,21.0796598526769,2009-07-16
Round Cowal,-33.55,147.52,11.3319796035783,20.0754220187785,2009-08-16
Round Cowal,-33.55,147.52,-16.7260926499966,19.7004474577141,2009-09-16
Round Cowal,-33.55,147.52,-10.2788944107083,20.4299965802887,2009-10-16
Round Cowal,-33.55,147.52,-20.5043347175965,20.3590678778724,2009-11-16
Round Cowal,-33.55,147.52,-46.8490818827385,20.6390611626356,2009-12-16
Round Cowal,-33.55,147.52,-41.8925135666901,20.454947906484,2010-01-16
Round Cowal,-33.55,147.52,-17.522927626775,20.5749970970732,2010-02-15
Round Cowal,-33.55,147.52,13.0348060563472,22.1143035344488,2010-03-16
Round Cowal,-33.55,147.52,0.194232531924771,19.5717060961416,2010-04-16
Round Cowal,-33.55,147.52,-9.0983026609282,19.3564281080076,2010-05-16
Round Cowal,-33.55,147.52,27.554423228565,23.2507494638634,2010-06-16
Round Cowal,-33.55,147.52,47.1966232803565,19.2597958654502,2010-07-16
Round Cowal,-33.55,147.52,97.0360264318485,18.0979101179394,2010-08-16
Round Cowal,-33.55,147.52,121.479585557335,19.0221946448693,2010-09-16
Round Cowal,-33.55,147.52,113.080578151219,20.3378945433598,2010-10-16
Round Cowal,-33.55,147.52,112.285418882525,21.1133367771887,2010-11-16
Round Cowal,-33.55,147.52,130.07843713627,22.9920642020333,2010-12-14
Round Cowal,-33.55,147.52,127.322611539502,27.3223844133151,2011-02-18
Round Cowal,-33.55,147.52,126.374024987502,26.4869037607746,2011-03-16
Round Cowal,-33.55,147.52,100.309013333414,24.2703850555339,2011-04-16
Round Cowal,-33.55,147.52,94.5610324502718,21.6222608164639,2011-05-16
Round Cowal,-33.55,147.52,146.057536542974,22.9471759460748,2011-07-18
Round Cowal,-33.55,147.52,153.532278850227,20.6989320029498,2011-08-16
Round Cowal,-33.55,147.52,117.916165036893,19.9204174964511,2011-09-16
Round Cowal,-33.55,147.52,124.016776412373,19.1211277717061,2011-10-16
Round Cowal,-33.55,147.52,116.130444368922,19.5854468633981,2011-11-01
Round Cowal,-33.55,147.52,96.9843151379974,19.1719528845645,2012-01-01
Round Cowal,-33.55,147.52,85.5299160052343,18.1224506383849,2012-01-16
Round Cowal,-33.55,147.52,97.3683681715255,19.3391875697911,2012-02-15
Round Cowal,-33.55,147.52,207.967484925687,17.7758627202721,2012-03-16
Round Cowal,-33.55,147.52,173.916430197052,21.5510180271833,2012-04-04
Round Cowal,-33.55,147.52,162.724369129566,19.7763477030081,2012-06-16
Round Cowal,-33.55,147.52,183.951344913705,18.9884515897986,2012-07-16
Round Cowal,-33.55,147.52,175.14575389842,18.2329532187032,2012-08-16
Round Cowal,-33.55,147.52,166.207646372913,20.7703491008712,2012-09-13
Round Cowal,-33.55,147.52,88.3284073438792,20.9131864923408,2012-11-18
Round Cowal,-33.55,147.52,70.9948875726289,19.1836295640242,2012-12-16
Round Cowal,-33.55,147.52,46.5817419636502,18.8903609680559,2013-01-16
Round Cowal,-33.55,147.52,32.0225096038711,20.4202408764848,2013-02-14
Round Cowal,-33.55,147.52,48.4981422744275,21.6705960815914,2013-04-21
Round Cowal,-33.55,147.52,28.7857061828052,18.7442793385254,2013-05-16
Round Cowal,-33.55,147.52,106.662326490702,19.6307337791386,2013-06-16
Round Cowal,-33.55,147.52,141.589869836387,19.825259501372,2013-07-16
Round Cowal,-33.55,147.52,85.9494870370084,19.8578991854506,2013-10-16
Round Cowal,-33.55,147.52,69.3150561212806,18.7330203586157,2013-11-16
Round Cowal,-33.55,147.52,44.3884749297043,18.7402115016414,2013-12-16
Round Cowal,-33.55,147.52,14.0295989197873,23.1162832700385,2014-01-09
Round Cowal,-33.55,147.52,21.5020828327434,17.1922128704192,2014-03-16
Round Cowal,-33.55,147.52,60.2280486909788,17.8046094641264,2014-04-16
Round Cowal,-33.55,147.52,49.4196977618236,17.6968132523139,2014-05-16
Round Cowal,-33.55,147.52,63.9630172943981,19.6575159549765,2014-06-13
Round Cowal,-33.55,147.52,97.9788674539724,18.4124479991799,2014-08-16
Round Cowal,-33.55,147.52,109.511755135811,18.1208170670775,2014-09-16
Round Cowal,-33.55,147.52,66.3831951895082,17.3635072986412,2014-10-16
Round Cowal,-33.55,147.52,61.7458262471974,17.3486592672344,2014-11-17
Round Cowal,-33.55,147.52,36.3485007357315,20.3825305869019,2015-01-22
Round Cowal,-33.55,147.52,47.8143780216359,35.1781402764524,2015-02-15
Round Cowal,-33.55,147.52,10.5544679569762,15.8970302388947,2015-03-16
Round Cowal,-33.55,147.52,25.6905307333219,16.9458105361354,2015-04-16
Round Cowal,-33.55,147.52,47.7749579637565,18.7078843894451,2015-04-27
Round Cowal,-33.55,147.52,118.447105743901,21.0558390354454,2015-07-15
Round Cowal,-33.55,147.52,123.447154781486,18.8380432893573,2015-08-16
Round Cowal,-33.55,147.52,123.66517664729,20.8508594403657,2015-09-14
Round Cowal,-33.55,147.52,61.3066645311034,20.9792375224403,2015-12-23
Round Cowal,-33.55,147.52,59.7890792074531,19.3857166166741,2016-01-16
Round Cowal,-33.55,147.52,5.56795014367835,18.2960600124289,2016-02-14
Round Cowal,-33.55,147.52,11.3092201278981,19.2228840722861,2016-03-16
Round Cowal,-33.55,147.52,36.2859946879278,21.1358365857747,2016-05-20
Round Cowal,-33.55,147.52,78.7829217121362,19.8471932469203,2016-06-16
Round Cowal,-33.55,147.52,127.397057439707,20.5851685175274,2016-07-15
Round Cowal,-33.55,147.52,133.449447513635,24.3728892869438,2016-08-21
Round Cowal,-33.55,147.52,118.259859127324,38.9101768753652,2016-11-27
Round Cowal,-33.55,147.52,123.334890444018,39.4550461016667,2016-12-24
Round Cowal,-33.55,147.52,65.9981554037816,40.380146962214,2017-01-21
Round Cowal,-33.55,147.52,78.7527710007705,41.0964190766253,2017-03-31
Round Cowal,-33.55,147.52,81.678347079482,40.061174756808,2017-04-24
Round Cowal,-33.55,147.52,86.4050322447013,38.352020367659,2017-05-12
Round Cowal,-33.55,147.52,74.9581160854738,38.0273822218583,2017-06-11
Round Cowal,-33.55,147.52,-9.81412795258117,21.5065759342082,2018-06-16
Round Cowal,-33.55,147.52,12.250673331849,19.6184858025583,2018-07-10
Round Cowal,-33.55,147.52,18.4332908881195,18.8459861551047,2018-10-31
Round Cowal,-33.55,147.52,17.4398627634397,16.6716594271971,2018-11-16
Round Cowal,-33.55,147.52,22.120484602013,16.2788287548733,2018-12-16
Round Cowal,-33.55,147.52,-23.8324717134605,16.2318014555574,2019-01-16
Round Cowal,-33.55,147.52,-39.8183701665888,16.5104362016739,2019-02-14
Round Cowal,-33.55,147.52,-44.7411941258047,16.0430255797958,2019-03-16
Round Cowal,-33.55,147.52,-20.872905065859,16.1260571711,2019-04-16
Round Cowal,-33.55,147.52,-15.1556895485427,16.0529926618801,2019-05-16
Round Cowal,-33.55,147.52,-19.4665908797186,16.1381756023632,2019-06-16
Round Cowal,-33.55,147.52,1.74754583102162,16.1456837505278,2019-07-16
Round Cowal,-33.55,147.52,-27.6910010028357,16.2251195649419,2019-08-16
Round Cowal,-33.55,147.52,-20.2203050956968,16.1420720188265,2019-09-16
Round Cowal,-33.55,147.52,-10.1374189548156,16.0713821244773,2019-10-16
Round Cowal,-33.55,147.52,-10.1581641334518,16.1022759172617,2019-11-16
Round Cowal,-33.55,147.52,-57.0019283099001,16.0179880979223,2019-12-16
Round Cowal,-33.55,147.52,-74.0574912848945,16.4185579538127,2020-01-16
Round Cowal,-33.55,147.52,-24.2019934289967,16.4405858633155,2020-02-15
Round Cowal,-33.55,147.52,12.8144689245999,16.1266246863151,2020-03-16
Round Cowal,-33.55,147.52,33.7780777263106,16.0994150200639,2020-04-16
Round Cowal,-33.55,147.52,45.307098369185,16.1499230993272,2020-05-16
Round Cowal,-33.55,147.52,46.2911351892477,16.0879098729918,2020-06-16
Round Cowal,-33.55,147.52,68.1023773952317,16.1097734974035,2020-07-16
Round Cowal,-33.55,147.52,83.4182860044724,16.1736488872335,2020-08-16
Round Cowal,-33.55,147.52,80.8153781197228,16.0603399618295,2020-09-16
Round Cowal,-33.55,147.52,73.2153869130618,16.1888533531516,2020-10-16
Round Cowal,-33.55,147.52,80.3483783427079,16.3232714624196,2020-11-16
Round Cowal,-33.55,147.52,59.6276676271387,16.149933783703,2020-12-16
Round Cowal,-33.55,147.52,56.78157101452,16.1271426557359,2021-01-16
Round Cowal,-33.55,147.52,73.0834478566931,16.1894351295188,2021-02-15
Round Cowal,-33.55,147.52,49.2324036193023,16.0749686672005,2021-03-16
Round Cowal,-33.55,147.52,71.740311103141,15.9458927283827,2021-04-16
Round Cowal,-33.55,147.52,73.246196789631,16.0115145682112,2021-05-16
Round Cowal,-33.55,147.52,112.14952428028,16.0577435661461,2021-06-16
Round Cowal,-33.55,147.52,130.748649428594,15.9711536640066,2021-07-16
Round Cowal,-33.55,147.52,141.335703149275,16.0234256078845,2021-08-16
Round Cowal,-33.55,147.52,128.457627957324,16.0967114660076,2021-09-16
Round Cowal,-33.55,147.52,157.936696923,15.9914908600734,2021-10-16
Round Cowal,-33.55,147.52,165.903612065137,16.1936855763917,2021-11-16
Round Cowal,-33.55,147.52,180.829793710443,17.1776497066346,2021-12-16
Round Cowal,-33.55,147.52,142.290567144596,18.2527868716206,2022-01-16
Round Cowal,-33.55,147.52,116.935350359465,19.6415407665653,2022-02-15
Round Cowal,-33.55,147.52,103.045104767032,20.56120953461,2022-03-16
Round Cowal,-33.55,147.52,99.4990743886044,21.6940325450447,2022-04-16
Round Cowal,-33.55,147.52,176.807797572629,22.8876312849195,2022-05-16
Round Cowal,-33.55,147.52,181.5542130397,23.9983743292883,2022-06-16
Round Cowal,-33.55,147.52,212.11827182126,25.2522213635002,2022-07-16
Round Cowal,-33.55,147.52,222.074645604136,33.0630075623163,2022-08-16
Round Cowal,-33.55,147.52,229.898055901734,41.0899995716747,2022-09-16
Round Cowal,-33.55,147.52,330.248108098559,49.6721845373665,2022-10-16
Round Cowal,-33.55,147.52,363.056190722489,59.3448912218254,2022-11-16
Sunshine,-33.52,147.43,42.5097603091525,81.1592122475164,2002-04-17
Sunshine,-33.52,147.43,48.9263980632944,54.0531535522254,2002-05-10
Sunshine,-33.52,147.43,48.8048474905603,44.0610893241748,2002-08-16
Sunshine,-33.52,147.43,63.6206541876623,54.8851498630307,2002-09-16
Sunshine,-33.52,147.43,38.3064029413929,34.0568648413049,2002-10-16
Sunshine,-33.52,147.43,2.85847818374172,31.6326922076487,2002-11-16
Sunshine,-33.52,147.43,8.70600318668939,31.4429044474785,2002-12-16
Sunshine,-33.52,147.43,10.8265816556398,36.8249179982457,2003-01-16
Sunshine,-33.52,147.43,1.90879784262137,26.8583613170033,2003-02-15
Sunshine,-33.52,147.43,9.25872346404734,23.1985226159832,2003-03-16
Sunshine,-33.52,147.43,9.90680683357057,22.9191305569245,2003-04-16
Sunshine,-33.52,147.43,20.9679457599541,25.4232798783444,2003-05-11
Sunshine,-33.52,147.43,58.3886310758454,18.8807154531463,2003-07-16
Sunshine,-33.52,147.43,75.7317565683839,19.7946750567848,2003-08-16
Sunshine,-33.52,147.43,82.5389238943789,19.2465020160283,2003-09-16
Sunshine,-33.52,147.43,83.6252069755418,19.4341498942349,2003-10-16
Sunshine,-33.52,147.43,44.5344040553769,19.5800912463027,2003-11-16
Sunshine,-33.52,147.43,37.7215151771243,18.9916771505182,2003-12-16
Sunshine,-33.52,147.43,20.0726927960567,22.3904532510424,2004-01-07
Sunshine,-33.52,147.43,7.22929754081425,19.8158564583329,2004-02-17
Sunshine,-33.52,147.43,14.5847325406467,18.309878234951,2004-03-16
Sunshine,-33.52,147.43,-21.8235779768063,18.062932004404,2004-04-16
Sunshine,-33.52,147.43,-15.3123517374652,18.6950808141313,2004-05-16
Sunshine,-33.52,147.43,26.2997405228414,18.6917815841283,2004-06-16
Sunshine,-33.52,147.43,24.7855061646504,16.9260982907807,2004-07-16
Sunshine,-33.52,147.43,38.8838590994565,18.1761508618591,2004-08-16
Sunshine,-33.52,147.43,55.8207359548108,19.3312737075579,2004-09-16
Sunshine,-33.52,147.43,43.7049451000371,17.6197200961192,2004-10-16
Sunshine,-33.52,147.43,30.1211401031966,21.0779418204751,2004-11-16
Sunshine,-33.52,147.43,36.5304428233438,23.8660577479433,2004-12-16
Sunshine,-33.52,147.43,26.3730264673034,22.3924351612255,2005-01-16
Sunshine,-33.52,147.43,-4.18372102378418,21.0651116046693,2005-02-15
Sunshine,-33.52,147.43,-23.6580516789053,19.9065116285665,2005-03-16
Sunshine,-33.52,147.43,-1.59081477109679,18.9820174861467,2005-04-16
Sunshine,-33.52,147.43,-17.5550113646653,19.3432029363516,2005-05-16
Sunshine,-33.52,147.43,19.0208735403104,19.6651065302654,2005-06-16
Sunshine,-33.52,147.43,81.7416607132244,18.5080250963954,2005-07-16
Sunshine,-33.52,147.43,72.2168711680176,18.7208810855895,2005-08-16
Sunshine,-33.52,147.43,68.9698364251577,18.5932589405518,2005-09-16
Sunshine,-33.52,147.43,56.3366934878006,18.1504585913404,2005-10-16
Sunshine,-33.52,147.43,60.8345324647806,17.8593211119943,2005-11-16
Sunshine,-33.52,147.43,35.3771847106824,22.282801497834,2005-12-16
Sunshine,-33.52,147.43,-4.35349946941562,18.7776725880353,2006-01-16
Sunshine,-33.52,147.43,-17.5571288299144,19.2050660856239,2006-02-15
Sunshine,-33.52,147.43,-36.0106485065549,18.8186885988606,2006-03-16
Sunshine,-33.52,147.43,-43.1422045620631,18.6913792105753,2006-04-16
Sunshine,-33.52,147.43,-13.0650461824108,18.5953681988274,2006-05-16
Sunshine,-33.52,147.43,-21.7071783650188,20.3469609048536,2006-06-16
Sunshine,-33.52,147.43,-4.25397813093372,19.8033209826923,2006-07-16
Sunshine,-33.52,147.43,3.52630332789724,18.4669043571355,2006-08-16
Sunshine,-33.52,147.43,6.7871237756491,19.8709476305613,2006-09-16
Sunshine,-33.52,147.43,2.74801416803319,19.1408520379376,2006-10-16
Sunshine,-33.52,147.43,-19.8090896646064,18.683697459411,2006-11-16
Sunshine,-33.52,147.43,-52.1056800500902,19.4979559616742,2006-12-16
Sunshine,-33.52,147.43,-74.7225609552023,19.6769491752333,2007-01-16
Sunshine,-33.52,147.43,-55.1060641963874,19.2443432583619,2007-02-15
Sunshine,-33.52,147.43,-42.9701411286237,18.7950675247143,2007-03-16
Sunshine,-33.52,147.43,-64.2621501761622,18.8547218891814,2007-04-16
Sunshine,-33.52,147.43,-36.9293157041128,18.4691379441865,2007-05-16
Sunshine,-33.52,147.43,-7.59703136667831,19.0422303551556,2007-06-16
Sunshine,-33.52,147.43,42.6948346536437,18.5268543821398,2007-07-16
Sunshine,-33.52,147.43,33.0901538729755,20.037536333564,2007-08-16
Sunshine,-33.52,147.43,30.883435481657,19.8491804747519,2007-09-16
Sunshine,-33.52,147.43,-0.00721598980490315,20.2829346681643,2007-10-16
Sunshine,-33.52,147.43,4.33571183370629,20.8938331143134,2007-11-16
Sunshine,-33.52,147.43,16.7128430858228,20.0455282526652,2007-12-16
Sunshine,-33.52,147.43,20.70670015969,19.6940710378511,2008-01-16
Sunshine,-33.52,147.43,10.6941952892296,21.2962768138366,2008-02-15
Sunshine,-33.52,147.43,-24.5669603382538,19.9408791599301,2008-03-16
Sunshine,-33.52,147.43,-16.134878746939,21.2979960422275,2008-04-16
Sunshine,-33.52,147.43,-39.9156711810919,20.2986693793251,2008-05-16
Sunshine,-33.52,147.43,-3.52050792788044,19.7527528199503,2008-06-16
Sunshine,-33.52,147.43,2.48410820142465,20.0622382765633,2008-07-16
Sunshine,-33.52,147.43,0.0358668083962348,19.5625971708038,2008-08-16
Sunshine,-33.52,147.43,10.7575152050934,19.8504204339421,2008-09-16
Sunshine,-33.52,147.43,9.08420812685457,19.4054845220604,2008-10-16
Sunshine,-33.52,147.43,21.3186767545863,20.9050396655061,2008-11-16
Sunshine,-33.52,147.43,0.244855930260894,20.6610120382714,2008-12-16
Sunshine,-33.52,147.43,-44.1339337526805,20.3265406331095,2009-01-16
Sunshine,-33.52,147.43,-48.5361682023485,20.8503858629946,2009-02-15
Sunshine,-33.52,147.43,-36.8387206601627,21.0003332598937,2009-03-16
Sunshine,-33.52,147.43,-28.1862937602363,19.2378162500103,2009-04-16
Sunshine,-33.52,147.43,-37.3356381689014,18.8639863158993,2009-05-16
Sunshine,-33.52,147.43,-3.63307015637484,19.0914038123452,2009-06-16
Sunshine,-33.52,147.43,6.08087118475019,20.6678522201907,2009-07-16
Sunshine,-33.52,147.43,11.3204845633324,19.6546737601319,2009-08-16
Sunshine,-33.52,147.43,-16.596934873901,19.2603992863508,2009-09-16
Sunshine,-33.52,147.43,-10.4477941626322,19.9579825321664,2009-10-16
Sunshine,-33.52,147.43,-19.932165563522,19.8920172512432,2009-11-16
Sunshine,-33.52,147.43,-44.9084747205078,20.1509395717126,2009-12-16
Sunshine,-33.52,147.43,-40.7189069047993,19.9766087622842,2010-01-16
Sunshine,-33.52,147.43,-15.9844439735018,20.0946728577175,2010-02-15
Sunshine,-33.52,147.43,14.6070975794938,21.6036909859323,2010-03-16
Sunshine,-33.52,147.43,2.49432915754446,19.1308250989083,2010-04-16
Sunshine,-33.52,147.43,-6.2387251423107,18.9438585513414,2010-05-16
Sunshine,-33.52,147.43,29.0384051682332,22.8115770823331,2010-06-16
Sunshine,-33.52,147.43,47.4353411172301,18.9825470100002,2010-07-16
Sunshine,-33.52,147.43,97.4895337111736,17.8817106984596,2010-08-16
Sunshine,-33.52,147.43,121.39205700928,18.8139725000927,2010-09-16
Sunshine,-33.52,147.43,112.520010944255,20.1520782686111,2010-10-16
Sunshine,-33.52,147.43,112.311465971282,20.9675559176621,2010-11-16
Sunshine,-33.52,147.43,130.522859138717,22.8520626164406,2010-12-14
Sunshine,-33.52,147.43,130.66849195068,27.1172992134299,2011-02-18
Sunshine,-33.52,147.43,130.298885271816,26.34970225246,2011-03-16
Sunshine,-33.52,147.43,104.852779042244,24.1893576957441,2011-04-16
Sunshine,-33.52,147.43,98.2886749867701,21.5705473271103,2011-05-16
Sunshine,-33.52,147.43,147.091473151511,22.8403384137237,2011-07-18
Sunshine,-33.52,147.43,153.080591693182,20.6031870260129,2011-08-16
Sunshine,-33.52,147.43,118.833624955332,19.802508182886,2011-09-16
Sunshine,-33.52,147.43,124.574800197344,19.0024399548336,2011-10-16
Sunshine,-33.52,147.43,116.75104549243,19.4532808642846,2011-11-01
Sunshine,-33.52,147.43,97.5729132856701,19.0607260535253,2012-01-01
Sunshine,-33.52,147.43,87.1314000655956,18.0171306875538,2012-01-16
Sunshine,-33.52,147.43,100.108043772527,19.2117242172222,2012-02-15
Sunshine,-33.52,147.43,208.060555623036,17.6741100842526,2012-03-16
Sunshine,-33.52,147.43,174.091665607572,21.4027771381948,2012-04-04
Sunshine,-33.52,147.43,161.654016254793,19.6105903342815,2012-06-16
Sunshine,-33.52,147.43,183.088313935247,18.8529177597531,2012-07-16
Sunshine,-33.52,147.43,175.880135045571,18.1057249742716,2012-08-16
Sunshine,-33.52,147.43,164.744508691793,20.6285753950126,2012-09-13
Sunshine,-33.52,147.43,87.2726047688731,20.7530656691301,2012-11-18
Sunshine,-33.52,147.43,71.0581128634123,19.0725076595962,2012-12-16
Sunshine,-33.52,147.43,47.4795747841869,18.776302799938,2013-01-16
Sunshine,-33.52,147.43,32.52889276163,20.2657372400614,2013-02-14
Sunshine,-33.52,147.43,48.0545742225579,21.4740423910428,2013-04-21
Sunshine,-33.52,147.43,29.3100772100224,18.6133814676206,2013-05-16
Sunshine,-33.52,147.43,105.097587477929,19.4694305134027,2013-06-16
Sunshine,-33.52,147.43,139.222309094098,19.6304002476543,2013-07-16
Sunshine,-33.52,147.43,84.8621676739225,19.6591997277056,2013-10-16
Sunshine,-33.52,147.43,68.4777115369861,18.5497677850443,2013-11-16
Sunshine,-33.52,147.43,44.3488048232323,18.5125443751877,2013-12-16
Sunshine,-33.52,147.43,15.6440297849338,22.8058980159989,2014-01-09
Sunshine,-33.52,147.43,23.6396448178236,16.9744356212628,2014-03-16
Sunshine,-33.52,147.43,59.5851070397219,17.604680362929,2014-04-16
Sunshine,-33.52,147.43,49.854053898303,17.4864516653657,2014-05-16
Sunshine,-33.52,147.43,65.2645190418483,19.4183898768278,2014-06-13
Sunshine,-33.52,147.43,96.5786690740208,18.2137530011012,2014-08-16
Sunshine,-33.52,147.43,107.235078246318,17.912088933216,2014-09-16
Sunshine,-33.52,147.43,65.4505364020172,17.1448356051705,2014-10-16
Sunshine,-33.52,147.43,59.9818951706024,17.1407815581476,2014-11-17
Sunshine,-33.52,147.43,36.7498608881969,20.2293949559059,2015-01-22
Sunshine,-33.52,147.43,47.3698117028964,34.9701621138365,2015-02-15
Sunshine,-33.52,147.43,13.5574758168145,15.7586605005989,2015-03-16
Sunshine,-33.52,147.43,26.2991667906253,16.792380740058,2015-04-16
Sunshine,-33.52,147.43,47.6524426572195,18.5526069050287,2015-04-27
Sunshine,-33.52,147.43,116.543311407099,20.7973951366009,2015-07-15
Sunshine,-33.52,147.43,120.478292219765,18.6444593269885,2015-08-16
Sunshine,-33.52,147.43,121.696181164692,20.6413401948258,2015-09-14
Sunshine,-33.52,147.43,60.9822287072392,20.7561369926762,2015-12-23
Sunshine,-33.52,147.43,60.092415559542,19.1936373571147,2016-01-16
Sunshine,-33.52,147.43,7.95324234058961,18.1187492931919,2016-02-14
Sunshine,-33.52,147.43,12.9619935090384,19.0032526660669,2016-03-16
Sunshine,-33.52,147.43,38.9724175634731,20.8865337508785,2016-05-20
Sunshine,-33.52,147.43,80.2482849824487,19.5882009004288,2016-06-16
Sunshine,-33.52,147.43,127.164130786712,20.2933467986598,2016-07-15
Sunshine,-33.52,147.43,132.655763362882,23.9474711140682,2016-08-21
Sunshine,-33.52,147.43,119.604570112672,38.3501944278278,2016-11-27
Sunshine,-33.52,147.43,122.67379091726,38.8555664471373,2016-12-24
Sunshine,-33.52,147.43,66.9135570581311,39.6995649357534,2017-01-21
Sunshine,-33.52,147.43,79.447521082209,40.3866709002577,2017-03-31
Sunshine,-33.52,147.43,82.9655037253111,39.3850076369975,2017-04-24
Sunshine,-33.52,147.43,87.2654455216823,37.7415126862418,2017-05-12
Sunshine,-33.52,147.43,75.6957764754678,37.4106147540892,2017-06-11
Sunshine,-33.52,147.43,-8.5691830093895,21.0593977781285,2018-06-16
Sunshine,-33.52,147.43,13.9293988818721,19.1878912957454,2018-07-10
Sunshine,-33.52,147.43,18.5668253476565,18.4209865659952,2018-10-31
Sunshine,-33.52,147.43,18.2744967890137,16.2936435124626,2018-11-16
Sunshine,-33.52,147.43,22.5972589614859,15.8895525857429,2018-12-16
Sunshine,-33.52,147.43,-22.5696299099063,15.8408214448627,2019-01-16
Sunshine,-33.52,147.43,-37.3770667687232,16.0985399033901,2019-02-14
Sunshine,-33.52,147.43,-42.3029957648666,15.6450849513951,2019-03-16
Sunshine,-33.52,147.43,-19.9871396345178,15.7273609570063,2019-04-16
Sunshine,-33.52,147.43,-12.6460088046609,15.655637320886,2019-05-16
Sunshine,-33.52,147.43,-17.2542850212157,15.735815669388,2019-06-16
Sunshine,-33.52,147.43,3.22236696749267,15.7437027948397,2019-07-16
Sunshine,-33.52,147.43,-25.5996319003701,15.8137671105083,2019-08-16
Sunshine,-33.52,147.43,-18.3910479834373,15.7425475417561,2019-09-16
Sunshine,-33.52,147.43,-9.44977668352576,15.6700429145622,2019-10-16
Sunshine,-33.52,147.43,-9.63028944856343,15.7044946327347,2019-11-16
Sunshine,-33.52,147.43,-55.2205555536524,15.6202695729947,2019-12-16
Sunshine,-33.52,147.43,-70.566945532388,16.0052891464922,2020-01-16
Sunshine,-33.52,147.43,-23.5442822937674,16.0239083845881,2020-02-15
Sunshine,-33.52,147.43,13.2404318452511,15.7252144034274,2020-03-16
Sunshine,-33.52,147.43,33.6798443711139,15.7014930989671,2020-04-16
Sunshine,-33.52,147.43,45.2379986197536,15.7462313595883,2020-05-16
Sunshine,-33.52,147.43,45.7064152412525,15.6921307477218,2020-06-16
Sunshine,-33.52,147.43,67.4849411112629,15.7082908345015,2020-07-16
Sunshine,-33.52,147.43,80.1868895721159,15.7732749168178,2020-08-16
Sunshine,-33.52,147.43,78.5955734389118,15.6661383959496,2020-09-16
Sunshine,-33.52,147.43,71.2252220945762,15.7857901689497,2020-10-16
Sunshine,-33.52,147.43,78.2270845929115,15.9199815356454,2020-11-16
Sunshine,-33.52,147.43,56.8442362494748,15.7472336832925,2020-12-16
Sunshine,-33.52,147.43,53.4482252649174,15.7260593208825,2021-01-16
Sunshine,-33.52,147.43,69.7178769501782,15.7850953854952,2021-02-15
Sunshine,-33.52,147.43,46.9455939918327,15.6775331227249,2021-03-16
Sunshine,-33.52,147.43,69.3000626738639,15.5536076266309,2021-04-16
Sunshine,-33.52,147.43,69.639604930419,15.611933236747,2021-05-16
Sunshine,-33.52,147.43,107.021232541971,15.6654100163602,2021-06-16
Sunshine,-33.52,147.43,126.067617503845,15.5772463461797,2021-07-16
Sunshine,-33.52,147.43,135.684137744339,15.6250503187898,2021-08-16
Sunshine,-33.52,147.43,123.671865657224,15.697193894276,2021-09-16
Sunshine,-33.52,147.43,151.235142117725,15.5975389880095,2021-10-16
Sunshine,-33.52,147.43,159.032459227056,15.7876170034164,2021-11-16
Sunshine,-33.52,147.43,173.323335579072,16.7436371005246,2021-12-16
Sunshine,-33.52,147.43,135.797355804376,17.7891006481806,2022-01-16
Sunshine,-33.52,147.43,112.900911152088,19.1233945229795,2022-02-15
Sunshine,-33.52,147.43,98.2977690740921,20.0227587869278,2022-03-16
Sunshine,-33.52,147.43,95.6199901352449,21.1195286120501,2022-04-16
Sunshine,-33.52,147.43,170.467144797473,22.2715741005475,2022-05-16
Sunshine,-33.52,147.43,176.518673468193,23.3432027557532,2022-06-16
Sunshine,-33.52,147.43,204.774914249521,24.5603355968972,2022-07-16
Sunshine,-33.52,147.43,214.36047743874,32.1247370727552,2022-08-16
Sunshine,-33.52,147.43,222.327497972634,39.9328667041887,2022-09-16
Sunshine,-33.52,147.43,320.443035519014,48.2526675963501,2022-10-16
Sunshine,-33.52,147.43,354.043995789273,57.6354247619933,2022-11-16
Warili,-33.41,147.48,41.1240096932,79.3094785073445,2002-04-17
Warili,-33.41,147.48,47.5016788607524,53.1778167840324,2002-05-10
Warili,-33.41,147.48,46.8708434790198,43.5002447365521,2002-08-16
Warili,-33.41,147.48,62.1747413146802,54.2530443858486,2002-09-16
Warili,-33.41,147.48,36.9379009744398,33.6825563160887,2002-10-16
Warili,-33.41,147.48,1.80938285759554,31.3204348863902,2002-11-16
Warili,-33.41,147.48,7.58200137312537,31.0986490764022,2002-12-16
Warili,-33.41,147.48,9.51758368952205,36.4725827509032,2003-01-16
Warili,-33.41,147.48,0.843309461766965,26.580823237303,2003-02-15
Warili,-33.41,147.48,8.28214979448872,22.9568779737457,2003-03-16
Warili,-33.41,147.48,8.92354612352029,22.6713910273448,2003-04-16
Warili,-33.41,147.48,20.0228663844971,25.1468077854267,2003-05-11
Warili,-33.41,147.48,57.488955434035,18.6810030018166,2003-07-16
Warili,-33.41,147.48,74.0592489039055,19.5788845758452,2003-08-16
Warili,-33.41,147.48,80.3943268851983,19.0298588849819,2003-09-16
Warili,-33.41,147.48,81.6274772878689,19.2186545861516,2003-10-16
Warili,-33.41,147.48,42.658231669785,19.3524861502125,2003-11-16
Warili,-33.41,147.48,35.7166916633223,18.7628747490953,2003-12-16
Warili,-33.41,147.48,17.959182671712,22.1316046227746,2004-01-07
Warili,-33.41,147.48,6.47243422406348,19.5877375676462,2004-02-17
Warili,-33.41,147.48,14.8179258106078,18.0902159944026,2004-03-16
Warili,-33.41,147.48,-22.8793737734917,17.8544274016825,2004-04-16
Warili,-33.41,147.48,-16.5243170441366,18.4743240047657,2004-05-16
Warili,-33.41,147.48,24.7352570240833,18.4776277923094,2004-06-16
Warili,-33.41,147.48,23.6439399820043,16.7298146471784,2004-07-16
Warili,-33.41,147.48,37.4318039944865,17.9709698710763,2004-08-16
Warili,-33.41,147.48,54.1139969212274,19.1204390961367,2004-09-16
Warili,-33.41,147.48,42.7677912942228,17.433578129693,2004-10-16
Warili,-33.41,147.48,28.4545463535455,20.8680609714081,2004-11-16
Warili,-33.41,147.48,35.2317412895597,23.6680927251831,2004-12-16
Warili,-33.41,147.48,25.4700674074797,22.1985692421591,2005-01-16
Warili,-33.41,147.48,-5.92074940581095,20.8521172212812,2005-02-15
Warili,-33.41,147.48,-25.7126857427553,19.6931565201027,2005-03-16
Warili,-33.41,147.48,-3.67370954304459,18.7769738408138,2005-04-16
Warili,-33.41,147.48,-19.1058837132009,19.1300232576097,2005-05-16
Warili,-33.41,147.48,17.5192548253649,19.4521351541065,2005-06-16
Warili,-33.41,147.48,80.9955135919394,18.3072321056913,2005-07-16
Warili,-33.41,147.48,70.7013797072697,18.5189738434795,2005-08-16
Warili,-33.41,147.48,67.354469713775,18.3954879343957,2005-09-16
Warili,-33.41,147.48,54.6279372521271,17.9603573306299,2005-10-16
Warili,-33.41,147.48,58.9324502017041,17.670384989139,2005-11-16
Warili,-33.41,147.48,34.0013976192501,22.0539644680729,2005-12-16
Warili,-33.41,147.48,-5.32410273119945,18.5757678057204,2006-01-16
Warili,-33.41,147.48,-18.7776851200987,18.9979875442086,2006-02-15
Warili,-33.41,147.48,-37.1094693217282,18.6201699216729,2006-03-16
Warili,-33.41,147.48,-44.2901542351379,18.4877089342326,2006-04-16
Warili,-33.41,147.48,-14.0449414047925,18.3833485573482,2006-05-16
Warili,-33.41,147.48,-22.9065280736086,20.1189797657478,2006-06-16
Warili,-33.41,147.48,-5.37588822467315,19.5846211256318,2006-07-16
Warili,-33.41,147.48,2.90256426476497,18.2569331120783,2006-08-16
Warili,-33.41,147.48,6.36883230184033,19.6519865158887,2006-09-16
Warili,-33.41,147.48,3.02908588488802,18.9256925477615,2006-10-16
Warili,-33.41,147.48,-19.7494739763735,18.4700104091796,2006-11-16
Warili,-33.41,147.48,-51.7841554416396,19.2691510834054,2006-12-16
Warili,-33.41,147.48,-74.6405291056469,19.4550450055134,2007-01-16
Warili,-33.41,147.48,-54.8457061872917,19.0206196919119,2007-02-15
Warili,-33.41,147.48,-42.7823808412529,18.5755139932943,2007-03-16
Warili,-33.41,147.48,-64.1529150384597,18.6309632914645,2007-04-16
Warili,-33.41,147.48,-36.8967076066314,18.2562852567891,2007-05-16
Warili,-33.41,147.48,-7.60963361322388,18.8173396075864,2007-06-16
Warili,-33.41,147.48,42.5527515898011,18.3144573671065,2007-07-16
Warili,-33.41,147.48,33.390693258415,19.7994891086429,2007-08-16
Warili,-33.41,147.48,31.7005933207639,19.6152244920709,2007-09-16
Warili,-33.41,147.48,0.478327153416503,20.0409318247133,2007-10-16
Warili,-33.41,147.48,4.75198700762637,20.6440271824999,2007-11-16
Warili,-33.41,147.48,17.7415797285365,19.8036942331128,2007-12-16
Warili,-33.41,147.48,22.4444463598997,19.4601217740727,2008-01-16
Warili,-33.41,147.48,12.2012730538242,21.0456056172713,2008-02-15
Warili,-33.41,147.48,-23.1871872458962,19.7035003111482,2008-03-16
Warili,-33.41,147.48,-15.1458395079578,21.0364407741471,2008-04-16
Warili,-33.41,147.48,-38.7810822349192,20.0578484472533,2008-05-16
Warili,-33.41,147.48,-2.02212480869037,19.5106335089235,2008-06-16
Warili,-33.41,147.48,3.74341045576223,19.8153692559598,2008-07-16
Warili,-33.41,147.48,1.06950216033421,19.3284196239996,2008-08-16
Warili,-33.41,147.48,12.1277675432432,19.6077762944637,2008-09-16
Warili,-33.41,147.48,11.1100380068821,19.1755568861806,2008-10-16
Warili,-33.41,147.48,23.3745115229388,20.6543575492307,2008-11-16
Warili,-33.41,147.48,2.35459293646956,20.4138281407493,2008-12-16
Warili,-33.41,147.48,-42.2491801280099,20.0831628429072,2009-01-16
Warili,-33.41,147.48,-46.6857393509805,20.6060773852437,2009-02-15
Warili,-33.41,147.48,-34.7444357616726,20.7510626139885,2009-03-16
Warili,-33.41,147.48,-25.6290547370909,19.002744296835,2009-04-16
Warili,-33.41,147.48,-34.9307782836222,18.6491116686243,2009-05-16
Warili,-33.41,147.48,-1.57110491806685,18.8831583327901,2009-06-16
Warili,-33.41,147.48,7.84729552536429,20.4430115837655,2009-07-16
Warili,-33.41,147.48,12.4898446658512,19.4493800096045,2009-08-16
Warili,-33.41,147.48,-15.2551216592799,19.0670876154792,2009-09-16
Warili,-33.41,147.48,-9.74665433303915,19.7635774346294,2009-10-16
Warili,-33.41,147.48,-18.9994651449403,19.6939581093047,2009-11-16
Warili,-33.41,147.48,-43.8554283666814,19.9565088691122,2009-12-16
Warili,-33.41,147.48,-38.9944833749723,19.7865998959798,2010-01-16
Warili,-33.41,147.48,-14.2546569769984,19.9098966186857,2010-02-15
Warili,-33.41,147.48,16.2988966138161,21.4054763516658,2010-03-16
Warili,-33.41,147.48,3.59781816271963,18.9509573765551,2010-04-16
Warili,-33.41,147.48,-5.68427708142878,18.763216699532,2010-05-16
Warili,-33.41,147.48,29.5809833016371,22.5879311087497,2010-06-16
Warili,-33.41,147.48,48.126690557416,18.777267317866,2010-07-16
Warili,-33.41,147.48,97.6836177589316,17.6837886889552,2010-08-16
Warili,-33.41,147.48,121.356989788449,18.6057222028493,2010-09-16
Warili,-33.41,147.48,112.760561013909,19.9295990926344,2010-10-16
Warili,-33.41,147.48,111.826591934026,20.7419817775435,2010-11-16
Warili,-33.41,147.48,128.98009854146,22.6188405092412,2010-12-14
Warili,-33.41,147.48,127.721317709464,26.8668263594229,2011-02-18
Warili,-33.41,147.48,126.624986895997,26.1261782082216,2011-03-16
Warili,-33.41,147.48,101.185402751784,23.9539287452143,2011-04-16
Warili,-33.41,147.48,94.4362624831868,21.3307114033524,2011-05-16
Warili,-33.41,147.48,143.763096794964,22.5900604744946,2011-07-18
Warili,-33.41,147.48,149.788051351568,20.3704185838934,2011-08-16
Warili,-33.41,147.48,115.528597257087,19.575185932305,2011-09-16
Warili,-33.41,147.48,121.664662241775,18.7864746797342,2011-10-16
Warili,-33.41,147.48,113.656349549121,19.2322101875066,2011-11-01
Warili,-33.41,147.48,96.5504959857387,18.8383022269323,2012-01-01
Warili,-33.41,147.48,85.4595207121114,17.8064492507782,2012-01-16
Warili,-33.41,147.48,99.3159024848322,18.9849826014008,2012-02-15
Warili,-33.41,147.48,206.522372367435,17.464548575416,2012-03-16
Warili,-33.41,147.48,172.188656485096,21.1666752123681,2012-04-04
Warili,-33.41,147.48,160.366474141738,19.4123828361683,2012-06-16
Warili,-33.41,147.48,181.16985193461,18.6489043899726,2012-07-16
Warili,-33.41,147.48,172.876924442086,17.911888654751,2012-08-16
Warili,-33.41,147.48,162.733123222624,20.3901125476181,2012-09-13
Warili,-33.41,147.48,85.6090478898295,20.5280335097452,2012-11-18
Warili,-33.41,147.48,69.5759448844641,18.8542113938179,2012-12-16
Warili,-33.41,147.48,45.8863706049393,18.5630096189001,2013-01-16
Warili,-33.41,147.48,32.3557514517092,20.0414025984343,2013-02-14
Warili,-33.41,147.48,47.5396639778753,21.2399500894836,2013-04-21
Warili,-33.41,147.48,28.0241873297775,18.4075239904964,2013-05-16
Warili,-33.41,147.48,103.828860397985,19.2594884295411,2013-06-16
Warili,-33.41,147.48,137.961985353279,19.4230327088604,2013-07-16
Warili,-33.41,147.48,82.3781756242865,19.4567140735792,2013-10-16
Warili,-33.41,147.48,66.4216414541459,18.3519917659887,2013-11-16
Warili,-33.41,147.48,42.4469177816334,18.3244996580454,2013-12-16
Warili,-33.41,147.48,13.0654974156799,22.5767318865922,2014-01-09
Warili,-33.41,147.48,21.7610109683176,16.805405029161,2014-03-16
Warili,-33.41,147.48,58.4394307427032,17.4161202281028,2014-04-16
Warili,-33.41,147.48,47.6719992711832,17.3123115710439,2014-05-16
Warili,-33.41,147.48,62.1183319295847,19.2181226027728,2014-06-13
Warili,-33.41,147.48,93.7407615607779,18.0306053462121,2014-08-16
Warili,-33.41,147.48,105.123058951874,17.7325192732841,2014-09-16
Warili,-33.41,147.48,62.7499528953561,16.9891100000741,2014-10-16
Warili,-33.41,147.48,57.962891258261,16.97723983799,2014-11-17
Warili,-33.41,147.48,34.5528954307559,19.9759925426028,2015-01-22
Warili,-33.41,147.48,45.4377624053121,34.5203040513615,2015-02-15
Warili,-33.41,147.48,10.7790784064779,15.5794009579538,2015-03-16
Warili,-33.41,147.48,24.9064852045906,16.6202699395484,2015-04-16
Warili,-33.41,147.48,46.2105906853434,18.3540836435947,2015-04-27
Warili,-33.41,147.48,115.326736077699,20.6059863784978,2015-07-15
Warili,-33.41,147.48,119.65429629692,18.4891156841622,2015-08-16
Warili,-33.41,147.48,120.275684898764,20.4541224665678,2015-09-14
Warili,-33.41,147.48,59.7558374087955,20.5554012035917,2015-12-23
Warili,-33.41,147.48,59.6496905146826,19.0090292702716,2016-01-16
Warili,-33.41,147.48,6.43009416813142,17.9447083786854,2016-02-14
Warili,-33.41,147.48,11.8626631693254,18.829436391664,2016-03-16
Warili,-33.41,147.48,36.6858327307517,20.6915447447,2016-05-20
Warili,-33.41,147.48,78.3564218223301,19.4201157812542,2016-06-16
Warili,-33.41,147.48,125.35074228664,20.1215440754052,2016-07-15
Warili,-33.41,147.48,130.812433409106,23.758363771959,2016-08-21
Warili,-33.41,147.48,117.172832162396,38.2118160597235,2016-11-27
Warili,-33.41,147.48,121.103148674776,38.7164643293211,2016-12-24
Warili,-33.41,147.48,64.9817837256187,39.5616478031423,2017-01-21
Warili,-33.41,147.48,78.2012287721787,40.2405854590629,2017-03-31
Warili,-33.41,147.48,81.5349182868145,39.2452821852507,2017-04-24
Warili,-33.41,147.48,85.5297801968649,37.6152865836241,2017-05-12
Warili,-33.41,147.48,73.7189521208001,37.2810171403914,2017-06-11
Warili,-33.41,147.48,-9.87129766694529,20.9061976887335,2018-06-16
Warili,-33.41,147.48,12.2105538207348,19.0470321217828,2018-07-10
Warili,-33.41,147.48,17.6677889901145,18.2893189136371,2018-10-31
Warili,-33.41,147.48,17.5816085789451,16.1820658674122,2018-11-16
Warili,-33.41,147.48,21.4808799260401,15.789421571714,2018-12-16
Warili,-33.41,147.48,-23.7809341292508,15.7410012099691,2019-01-16
Warili,-33.41,147.48,-38.753224816127,16.0036188336817,2019-02-14
Warili,-33.41,147.48,-43.5123912031738,15.5527556429623,2019-03-16
Warili,-33.41,147.48,-20.5000757115464,15.6321915294326,2019-04-16
Warili,-33.41,147.48,-13.9547690126806,15.5616535758481,2019-05-16
Warili,-33.41,147.48,-18.4425407826767,15.6424627794691,2019-06-16
Warili,-33.41,147.48,1.68148590795622,15.649519758525,2019-07-16
Warili,-33.41,147.48,-27.7595876408356,15.7239906829741,2019-08-16
Warili,-33.41,147.48,-20.4742351244489,15.6485069246348,2019-09-16
Warili,-33.41,147.48,-10.4819088274665,15.5775934409831,2019-10-16
Warili,-33.41,147.48,-10.5974303625139,15.6091172338801,2019-11-16
Warili,-33.41,147.48,-55.8422257611895,15.527286655881,2019-12-16
Warili,-33.41,147.48,-71.6367828451809,15.9113499665293,2020-01-16
Warili,-33.41,147.48,-23.0359876891279,15.9322586989701,2020-02-15
Warili,-33.41,147.48,14.2398747178321,15.6324038558616,2020-03-16
Warili,-33.41,147.48,34.4409905297533,15.6075704470227,2020-04-16
Warili,-33.41,147.48,45.100959937564,15.6542784315185,2020-05-16
Warili,-33.41,147.48,45.7744897599199,15.597570583136,2020-06-16
Warili,-33.41,147.48,67.3255148800736,15.615895732658,2020-07-16
Warili,-33.41,147.48,81.0288724498899,15.6785737306742,2020-08-16
Warili,-33.41,147.48,78.3391567551722,15.5726521619613,2020-09-16
Warili,-33.41,147.48,70.8487606045891,15.6927100032162,2020-10-16
Warili,-33.41,147.48,77.8820498893197,15.8238692445457,2020-11-16
Warili,-33.41,147.48,57.3921669472946,15.6554162165601,2020-12-16
Warili,-33.41,147.48,54.803888573989,15.6328100853304,2021-01-16
Warili,-33.41,147.48,70.5711158456354,15.692428059318,2021-02-15
Warili,-33.41,147.48,48.4303048564211,15.5835748287777,2021-03-16
Warili,-33.41,147.48,71.0778117082032,15.4600951133359,2021-04-16
Warili,-33.41,147.48,71.4048828354923,15.5203642661857,2021-05-16
Warili,-33.41,147.48,108.889667350782,15.5697720379146,2021-06-16
Warili,-33.41,147.48,127.257393019807,15.4845102409217,2021-07-16
Warili,-33.41,147.48,136.88162926464,15.5325315820321,2021-08-16
Warili,-33.41,147.48,124.496512913111,15.604366750159,2021-09-16
Warili,-33.41,147.48,152.393983741999,15.5043259170905,2021-10-16
Warili,-33.41,147.48,160.532923334108,15.6959086638719,2021-11-16
Warili,-33.41,147.48,175.814777192466,16.6424661928208,2021-12-16
Warili,-33.41,147.48,137.283125797986,17.6780020505337,2022-01-16
Warili,-33.41,147.48,114.152898176647,19.0066746409206,2022-02-15
Warili,-33.41,147.48,100.020373184132,19.8944961817947,2022-03-16
Warili,-33.41,147.48,96.9982633149018,20.9834956427159,2022-04-16
Warili,-33.41,147.48,172.393961191987,22.1291206329727,2022-05-16
Warili,-33.41,147.48,178.015163349531,23.1956031740517,2022-06-16
Warili,-33.41,147.48,206.714468500292,24.4027492931097,2022-07-16
Warili,-33.41,147.48,216.359960310883,31.9200153738447,2022-08-16
Warili,-33.41,147.48,224.204271530049,39.6629031008836,2022-09-16
Warili,-33.41,147.48,322.536206644395,47.9343148518428,2022-10-16
Warili,-33.41,147.48,355.073857597618,57.2571318210385,2022-11-16
Aggregate,-33.37,147.38,41.0120767734365,78.9015600047513,2002-04-17
Aggregate,-33.37,147.38,47.5748275074501,52.6895085225648,2002-05-10
Aggregate,-33.37,147.38,46.1506016354688,43.064944341934,2002-08-16
Aggregate,-33.37,147.38,61.5432649639255,53.5955195764146,2002-09-16
Aggregate,-33.37,147.38,35.9318681454911,33.2939125865732,2002-10-16
Aggregate,-33.37,147.38,1.38246851003886,30.9234964685782,2002-11-16
Aggregate,-33.37,147.38,7.64918680416471,30.7942209378838,2002-12-16
Aggregate,-33.37,147.38,9.60247372507521,35.997608254151,2003-01-16
Aggregate,-33.37,147.38,1.27289598143169,26.2532601471411,2003-02-15
Aggregate,-33.37,147.38,8.68226429995716,22.6842933069792,2003-03-16
Aggregate,-33.37,147.38,9.73166941760151,22.4339201003334,2003-04-16
Aggregate,-33.37,147.38,20.5163565687937,24.9085689697905,2003-05-11
Aggregate,-33.37,147.38,56.7742875002914,18.5137061127698,2003-07-16
Aggregate,-33.37,147.38,73.3407850257166,19.4173305101999,2003-08-16
Aggregate,-33.37,147.38,79.6695885428681,18.9033879941813,2003-09-16
Aggregate,-33.37,147.38,80.7396553345388,19.0871375842903,2003-10-16
Aggregate,-33.37,147.38,42.2559167061685,19.2371465340989,2003-11-16
Aggregate,-33.37,147.38,35.1636259369539,18.669928630824,2003-12-16
Aggregate,-33.37,147.38,18.1875449736407,21.95766633721,2004-01-07
Aggregate,-33.37,147.38,6.46933703398618,19.442404401549,2004-02-17
Aggregate,-33.37,147.38,14.1597272385175,17.9775026895967,2004-03-16
Aggregate,-33.37,147.38,-21.0814023498139,17.7308339741101,2004-04-16
Aggregate,-33.37,147.38,-14.681663064039,18.3403795823773,2004-05-16
Aggregate,-33.37,147.38,26.1963849637654,18.3299498407682,2004-06-16
Aggregate,-33.37,147.38,23.7272181360936,16.6013485659216,2004-07-16
Aggregate,-33.37,147.38,37.3715592910722,17.8168441870614,2004-08-16
Aggregate,-33.37,147.38,54.0478654717471,18.9569955401699,2004-09-16
Aggregate,-33.37,147.38,41.6338726270627,17.3102931419418,2004-10-16
Aggregate,-33.37,147.38,28.4033002698764,20.7318283305916,2004-11-16
Aggregate,-33.37,147.38,35.0733251810128,23.5049190414738,2004-12-16
Aggregate,-33.37,147.38,25.226153295489,22.0543636705681,2005-01-16
Aggregate,-33.37,147.38,-5.77430812895385,20.7071021436288,2005-02-15
Aggregate,-33.37,147.38,-24.38906580856,19.5278217376268,2005-03-16
Aggregate,-33.37,147.38,-2.34098106798189,18.5954462895583,2005-04-16
Aggregate,-33.37,147.38,-18.3439655289983,18.9264641340189,2005-05-16
Aggregate,-33.37,147.38,18.0368106656857,19.2164603015746,2005-06-16
Aggregate,-33.37,147.38,79.4741196740246,18.0820650533237,2005-07-16
Aggregate,-33.37,147.38,70.1669906452409,18.278330924211,2005-08-16
Aggregate,-33.37,147.38,66.4104747451691,18.1500548404656,2005-09-16
Aggregate,-33.37,147.38,53.459334164791,17.7160767857926,2005-10-16
Aggregate,-33.37,147.38,58.5020894354752,17.43206167409,2005-11-16
Aggregate,-33.37,147.38,33.6061835013897,21.7383191086468,2005-12-16
Aggregate,-33.37,147.38,-5.25166151060032,18.3280455895606,2006-01-16
Aggregate,-33.37,147.38,-17.0430889554997,18.7423408802258,2006-02-15
Aggregate,-33.37,147.38,-36.0700412744143,18.37491988961,2006-03-16
Aggregate,-33.37,147.38,-42.7981023965587,18.2625119269576,2006-04-16
Aggregate,-33.37,147.38,-13.0257299774827,18.1729107239848,2006-05-16
Aggregate,-33.37,147.38,-21.5968261542842,19.8752150884117,2006-06-16
Aggregate,-33.37,147.38,-4.07847245395073,19.3491801018486,2006-07-16
Aggregate,-33.37,147.38,3.49106779458077,18.0661821559584,2006-08-16
Aggregate,-33.37,147.38,6.43184362780567,19.4267152447415,2006-09-16
Aggregate,-33.37,147.38,2.06358306245317,18.724127152949,2006-10-16
Aggregate,-33.37,147.38,-18.8360522092468,18.2886423568109,2006-11-16
Aggregate,-33.37,147.38,-50.5737291816631,19.0827456386637,2006-12-16
Aggregate,-33.37,147.38,-72.882230902566,19.2603506931719,2007-01-16
Aggregate,-33.37,147.38,-53.6349839801498,18.8481622099117,2007-02-15
Aggregate,-33.37,147.38,-41.9582238779188,18.4108467605224,2007-03-16
Aggregate,-33.37,147.38,-62.1745576482087,18.4750602054082,2007-04-16
Aggregate,-33.37,147.38,-35.1526779705789,18.0993733175376,2007-05-16
Aggregate,-33.37,147.38,-6.54604731600442,18.6576332155305,2007-06-16
Aggregate,-33.37,147.38,41.1857392072371,18.1543909949325,2007-07-16
Aggregate,-33.37,147.38,31.580004312337,19.6207482585759,2007-08-16
Aggregate,-33.37,147.38,29.6787172603096,19.4265653165857,2007-09-16
Aggregate,-33.37,147.38,-0.682713838611926,19.8494306720963,2007-10-16
Aggregate,-33.37,147.38,4.08536237786146,20.4506865448316,2007-11-16
Aggregate,-33.37,147.38,16.6090459599822,19.6246294830591,2007-12-16
Aggregate,-33.37,147.38,20.9256278252102,19.2903740540844,2008-01-16
Aggregate,-33.37,147.38,11.2809663287943,20.8414963295492,2008-02-15
Aggregate,-33.37,147.38,-23.8729123120023,19.5326982519831,2008-03-16
Aggregate,-33.37,147.38,-15.5113115524086,20.8649445357442,2008-04-16
Aggregate,-33.37,147.38,-38.5893367812796,19.8897409994318,2008-05-16
Aggregate,-33.37,147.38,-2.08297895780563,19.3747462288475,2008-06-16
Aggregate,-33.37,147.38,2.68011626588889,19.6840467099217,2008-07-16
Aggregate,-33.37,147.38,-0.174351414546914,19.1938076683321,2008-08-16
Aggregate,-33.37,147.38,11.5242447204728,19.4677479818967,2008-09-16
Aggregate,-33.37,147.38,9.26773843714435,19.0268266469017,2008-10-16
Aggregate,-33.37,147.38,22.0580305142607,20.4738555189243,2008-11-16
Aggregate,-33.37,147.38,0.596464544287923,20.2244144096668,2008-12-16
Aggregate,-33.37,147.38,-42.7507459548865,19.8910003348531,2009-01-16
Aggregate,-33.37,147.38,-46.2998175166296,20.3868542624918,2009-02-15
Aggregate,-33.37,147.38,-34.966656332816,20.5200674437238,2009-03-16
Aggregate,-33.37,147.38,-26.4916318186066,18.8129248774489,2009-04-16
Aggregate,-33.37,147.38,-35.3378314175551,18.4438198954239,2009-05-16
Aggregate,-33.37,147.38,-1.67246016084978,18.6440355586312,2009-06-16
Aggregate,-33.37,147.38,7.34168122623064,20.1620000923918,2009-07-16
Aggregate,-33.37,147.38,12.299327573278,19.1584718361427,2009-08-16
Aggregate,-33.37,147.38,-15.3645230208644,18.7595103275899,2009-09-16
Aggregate,-33.37,147.38,-9.98518259566988,19.4316451321834,2009-10-16
Aggregate,-33.37,147.38,-18.7054096901308,19.3664016252194,2009-11-16
Aggregate,-33.37,147.38,-42.5301772300371,19.6122224891792,2009-12-16
Aggregate,-33.37,147.38,-38.3620117732023,19.4491317462219,2010-01-16
Aggregate,-33.37,147.38,-13.3430772243552,19.5700924032869,2010-02-15
Aggregate,-33.37,147.38,17.2423171536948,21.0445223774067,2010-03-16
Aggregate,-33.37,147.38,5.1910395150899,18.6406521751187,2010-04-16
Aggregate,-33.37,147.38,-3.57649861973342,18.4747529351184,2010-05-16
Aggregate,-33.37,147.38,30.6352193877005,22.2857391591748,2010-06-16
Aggregate,-33.37,147.38,48.2024165994776,18.5964528132871,2010-07-16
Aggregate,-33.37,147.38,98.0014011525648,17.5486693816877,2010-08-16
Aggregate,-33.37,147.38,121.295284813709,18.4783280666697,2010-09-16
Aggregate,-33.37,147.38,112.293104478951,19.8216061414528,2010-10-16
Aggregate,-33.37,147.38,111.921916662646,20.6651857675287,2010-11-16
Aggregate,-33.37,147.38,129.560786408912,22.5476668421127,2010-12-14
Aggregate,-33.37,147.38,130.746288379509,26.7483995928594,2011-02-18
Aggregate,-33.37,147.38,130.207083536368,26.0556459138746,2011-03-16
Aggregate,-33.37,147.38,105.241323635635,23.9283442870941,2011-04-16
Aggregate,-33.37,147.38,97.894787325254,21.3283019477621,2011-05-16
Aggregate,-33.37,147.38,145.07352611188,22.5469811622431,2011-07-18
Aggregate,-33.37,147.38,149.95310962408,20.3331290549242,2011-08-16
Aggregate,-33.37,147.38,116.746035164103,19.5200452020317,2011-09-16
Aggregate,-33.37,147.38,122.544974082538,18.7289719920075,2011-10-16
Aggregate,-33.37,147.38,114.613349123177,19.1651600351425,2011-11-01
Aggregate,-33.37,147.38,97.16094678546,18.7875273138063,2012-01-01
Aggregate,-33.37,147.38,86.9479944441706,17.7583816648146,2012-01-16
Aggregate,-33.37,147.38,101.540925730035,18.9224215849076,2012-02-15
Aggregate,-33.37,147.38,206.832784658232,17.4190438937522,2012-03-16
Aggregate,-33.37,147.38,172.618794803226,21.089627645848,2012-04-04
Aggregate,-33.37,147.38,159.74533744985,19.3160081237339,2012-06-16
Aggregate,-33.37,147.38,180.805810872282,18.5766199613083,2012-07-16
Aggregate,-33.37,147.38,173.907003315678,17.8443951180844,2012-08-16
Aggregate,-33.37,147.38,161.923105948415,20.3183935896041,2012-09-13
Aggregate,-33.37,147.38,85.0575005381248,20.4401513544842,2012-11-18
Aggregate,-33.37,147.38,69.8547553504118,18.8028756328188,2012-12-16
Aggregate,-33.37,147.38,46.8227631215145,18.5086437019827,2013-01-16
Aggregate,-33.37,147.38,32.7711626820323,19.9577216887561,2013-02-14
Aggregate,-33.37,147.38,47.2793568836331,21.1255236341313,2013-04-21
Aggregate,-33.37,147.38,28.6263006626033,18.3390829118148,2013-05-16
Aggregate,-33.37,147.38,102.825496419458,19.1683543482743,2013-06-16
Aggregate,-33.37,147.38,136.341373408022,19.305753707391,2013-07-16
Aggregate,-33.37,147.38,81.9299290035969,19.3357302259111,2013-10-16
Aggregate,-33.37,147.38,66.09868940901,18.2421273088848,2013-11-16
Aggregate,-33.37,147.38,42.7120015763182,18.1790473210704,2013-12-16
Aggregate,-33.37,147.38,14.7047820372732,22.3742059478739,2014-01-09
Aggregate,-33.37,147.38,23.6929012934872,16.6645859622114,2014-03-16
Aggregate,-33.37,147.38,58.1241697729799,17.292029192265,2014-04-16
Aggregate,-33.37,147.38,48.3442993572301,17.1779758870641,2014-05-16
Aggregate,-33.37,147.38,63.6057340404254,19.0657778784795,2014-06-13
Aggregate,-33.37,147.38,93.1074595694643,17.9066201375258,2014-08-16
Aggregate,-33.37,147.38,103.704513472897,17.6002804682555,2014-09-16
Aggregate,-33.37,147.38,62.4540196976216,16.8455373367288,2014-10-16
Aggregate,-33.37,147.38,56.9232825407474,16.8431630393289,2014-11-17
Aggregate,-33.37,147.38,35.2021971614238,19.8978778132241,2015-01-22
Aggregate,-33.37,147.38,45.3968877278412,34.4306386709973,2015-02-15
Aggregate,-33.37,147.38,13.5147648912177,15.5010944526929,2015-03-16
Aggregate,-33.37,147.38,25.5898420350361,16.5292982435331,2015-04-16
Aggregate,-33.37,147.38,46.3406325445993,18.2657983896422,2015-04-27
Aggregate,-33.37,147.38,114.055138045267,20.437444146863,2015-07-15
Aggregate,-33.37,147.38,117.504554944348,18.3647315218677,2015-08-16
Aggregate,-33.37,147.38,118.9857488354,20.3224650778645,2015-09-14
Aggregate,-33.37,147.38,59.6974826969101,20.4154244264025,2015-12-23
Aggregate,-33.37,147.38,59.9512083710871,18.8903467248702,2016-01-16
Aggregate,-33.37,147.38,8.49681230486958,17.8357146261949,2016-02-14
Aggregate,-33.37,147.38,13.3015232044033,18.6879383854829,2016-03-16
Aggregate,-33.37,147.38,39.1022093880573,20.5305720426498,2016-05-20
Aggregate,-33.37,147.38,79.7746423203069,19.2475286883076,2016-06-16
Aggregate,-33.37,147.38,125.453804362998,19.9243472260346,2016-07-15
Aggregate,-33.37,147.38,130.489922547125,23.4613576578755,2016-08-21
Aggregate,-33.37,147.38,118.582372591758,37.8036869326043,2016-11-27
Aggregate,-33.37,147.38,120.839988770312,38.2781445465547,2016-12-24
Aggregate,-33.37,147.38,65.9842630821536,39.0609203965567,2017-01-21
Aggregate,-33.37,147.38,78.9279078482825,39.7187503604029,2017-03-31
Aggregate,-33.37,147.38,82.7447404109452,38.7482229715307,2017-04-24
Aggregate,-33.37,147.38,86.4595995671203,37.1665051548287,2017-05-12
Aggregate,-33.37,147.38,74.5920646566651,36.8279569408963,2017-06-11
Aggregate,-33.37,147.38,-8.71382336017093,20.5869174926727,2018-06-16
Aggregate,-33.37,147.38,13.7655865374393,18.738557701307,2018-07-10
Aggregate,-33.37,147.38,17.909933849022,17.9837088356663,2018-10-31
Aggregate,-33.37,147.38,18.3296204544206,15.9093810517579,2018-11-16
Aggregate,-33.37,147.38,22.0201370804988,15.5063190410357,2018-12-16
Aggregate,-33.37,147.38,-22.6238392968718,15.4565431655289,2019-01-16
Aggregate,-33.37,147.38,-36.6663733336272,15.7023521164255,2019-02-14
Aggregate,-33.37,147.38,-41.4538339281143,15.2617933044124,2019-03-16
Aggregate,-33.37,147.38,-19.7407960871995,15.3410907933683,2019-04-16
Aggregate,-33.37,147.38,-11.8259293783486,15.2713973526314,2019-05-16
Aggregate,-33.37,147.38,-16.5605778643666,15.3482689010693,2019-06-16
Aggregate,-33.37,147.38,3.05242628399295,15.3557456297628,2019-07-16
Aggregate,-33.37,147.38,-25.8194250575626,15.4223418282377,2019-08-16
Aggregate,-33.37,147.38,-18.7470990234948,15.3565953301063,2019-09-16
Aggregate,-33.37,147.38,-9.79395971406269,15.2840423085469,2019-10-16
Aggregate,-33.37,147.38,-10.0421568913094,15.3187507666692,2019-11-16
Aggregate,-33.37,147.38,-54.3789214217235,15.2365962791435,2019-12-16
Aggregate,-33.37,147.38,-68.7925266965025,15.6088776623077,2020-01-16
Aggregate,-33.37,147.38,-22.6103574252599,15.6268154412723,2020-02-15
Aggregate,-33.37,147.38,14.4113869852739,15.3388542992022,2020-03-16
Aggregate,-33.37,147.38,34.2473551380782,15.3168700384827,2020-04-16
Aggregate,-33.37,147.38,45.0692384956777,15.3588452328194,2020-05-16
Aggregate,-33.37,147.38,45.3153023641668,15.3086132321847,2020-06-16
Aggregate,-33.37,147.38,66.8765763891298,15.3222260915754,2020-07-16
Aggregate,-33.37,147.38,78.4188458216772,15.3861130271597,2020-08-16
Aggregate,-33.37,147.38,76.675917088062,15.2847382789832,2020-09-16
Aggregate,-33.37,147.38,69.3803584553041,15.3979341987202,2020-10-16
Aggregate,-33.37,147.38,76.3081596149772,15.5293906168099,2020-11-16
Aggregate,-33.37,147.38,55.1715193218394,15.3607227767607,2020-12-16
Aggregate,-33.37,147.38,52.0358273784208,15.3395795346345,2021-01-16
Aggregate,-33.37,147.38,67.8563986660601,15.3966087024952,2021-02-15
Aggregate,-33.37,147.38,46.445117158985,15.2932531170624,2021-03-16
Aggregate,-33.37,147.38,68.9293694940009,15.1736556665261,2021-04-16
Aggregate,-33.37,147.38,68.3635344472365,15.2280250016355,2021-05-16
Aggregate,-33.37,147.38,104.664809067929,15.2836256803611,2021-06-16
Aggregate,-33.37,147.38,123.481133796689,15.1967055547107,2021-07-16
Aggregate,-33.37,147.38,132.35955678321,15.2412651961806,2021-08-16
Aggregate,-33.37,147.38,120.696636739932,15.3122719013441,2021-09-16
Aggregate,-33.37,147.38,147.072342137349,15.2165611599188,2021-10-16
Aggregate,-33.37,147.38,155.028080358596,15.3986139024576,2021-11-16
Aggregate,-33.37,147.38,169.668533869537,16.3252024788308,2021-12-16
Aggregate,-33.37,147.38,132.070530938659,17.3395146811616,2022-01-16
Aggregate,-33.37,147.38,110.863052338358,18.6272778113928,2022-02-15
Aggregate,-33.37,147.38,96.1104521463688,19.5013148312306,2022-03-16
Aggregate,-33.37,147.38,93.8079865337992,20.5638608836895,2022-04-16
Aggregate,-33.37,147.38,167.229881772382,21.6786029502917,2022-05-16
Aggregate,-33.37,147.38,173.919260193905,22.7158756989635,2022-06-16
Aggregate,-33.37,147.38,200.779112984097,23.8964056528378,2022-07-16
Aggregate,-33.37,147.38,210.130799021461,31.2319640378619,2022-08-16
Aggregate,-33.37,147.38,218.104357981601,38.817073239847,2022-09-16
Aggregate,-33.37,147.38,314.688300660879,46.8946970563926,2022-10-16
Aggregate,-33.37,147.38,347.999483969314,56.0043721133078,2022-11-16
