HYBAS_ID,FID,non_cropla,irr_cropla,no_irr_cro,ACOF,BEAN,CNUT,COWP,MAIZ,OILP,ORTS,PMIL,RCOF,SESA,SOYB,SUNF,TEMF,VEGE,BANA,CASS,COCO,GROU,OCER,OOIL,PIGE,POTA,REST,SMIL,SUGB,SWPO,TOBA,WHEA,BARL,CHIC,COTT,LENT,OFIB,OPUL,PLNT,RAPESEED,RICE,SORG,SUGC,TEAS,TROF,YAMS,totMapspam,waterUse_nonIrr,waterUse_irr,growDaysAvg,SUB_AREA,UP_AREA,pre_mm_syr,pre_mm_uyr,pet_mm_syr,pet_mm_uyr,ari_ix_sav,ari_ix_uav,swc_pc_syr,swc_pc_uyr,crp_pc_sse,crp_pc_use,ire_pc_sse,ire_pc_use,X,Y,Location,currentPrecip_avg,currentPrecip_var,trendLow_Precip_avg,trendMed_Precip_avg,trendHigh_Precip_avg,trendLow_Precip_var,trendMed_Precip_var,trendHigh_Precip_var,currentPET_avg,currentPET_var,trendLow_PET_avg,trendMed_PET_avg,trendHigh_PET_avg,currentStreamflow_avg,currentStreamflow_var,trendLow_Streamflow_avg,trendMed_Streamflow_avg,trendHigh_Streamflow_avg,currentAridityIndex_A,currentDeficit_A,currentRatio_A,trendLow_Deficit_A,trendMed_Deficit_A,trendHigh_Deficit_A,currentAridityIndex_B,currentDeficit_B,currentRatio_B,trendLow_Deficit_B,trendMed_Deficit_B,trendHigh_Deficit_B,currentDeficit_C,currentRatio_C,trendLow_Deficit_C,trendMed_Deficit_C,trendHigh_Deficit_C,currentDeficit_D,currentRatio_D,trendLow_Deficit_D,trendMed_Deficit_D,trendHigh_Deficit_D,recentHistoricSlope,rescaledRecentHistoricSlope,streamflowRechargeScalar,thisFrcAreaUnderCult,thisFrcCultAreaWthIrr,initialSoilMoisture,thisWplant,runoffRatio,rechScalar,effectiveIrrigationRatio
7121115480,502236,0.015744032503809,0.71457592686643,0.269680040629761,0,0,0,0.678247486590047,0,0,0,0,0,0,0,0,92.211119568596,0,0,0,0,0,0.181667143826657,0,0,1.15154280571992,2.28530130900006,0,0,0.729544787996508,0,4.54757793739029,2.22690153707022,0.402875903346563,0,0,0,0,0,0,0,0,0,0,8.43766637169253,0,112.852444851229,666.798928877632,666.798928877632,215.941307136369,132.1,1107.2,172,361,1548,1416,11,27,11,26,85,21,74,15,-119.341197486787,35.6679095174468,49er Vineyard,172,180.749017824205,,,,,,,1548,1035.52175454666,,15.4017343785777,20.0258420682926,0.665614112071664,0.633837001184899,,,,0.111149655326982,-331.505534917545,0.198448994071018,,-5.01758030073742,-6.17244152963058,0.0128057395181419,-380.824254339903,0.0791528111876549,,-4.54819856130797,-5.73251838972721,-261.119353316185,0.368777883798031,,-2.89111852031642,-7.50405810764211,-349.216099333012,0.15565628217185,,-3.98203426942692,-6.07576938547177,-18.3148066574086,-29.0318148835449,0.130586507556095,0.887364501073704,0.630852970469625,132.587469262407,545.379469911418,0.0654325550077785,2.65329770514442,0.893524677789177
7121109910,438045,0.714542836573074,0.195464362850972,0.089992800575954,0,0,0,0,0,0,0,0,0,0,0,0,0,0,0,0,0,0,0,0,0,0,2.19209431939303,0,0,0,0,0,0,0,0,0,0,0,0,0,0,0,0,0,8.94596657124561,0,11.1380608906386,1211.99467437551,1211.99467437551,329.449350052238,190.5,8551.7,358,423,1404,1443,26,30,25,29,33,12,35,10,-121.194752404082,36.2049729691897,Alta Loma,358,404.512884143081,,,,,,,1404,824.27618181323,,15.2276023760123,20.1195891461223,0.66255769520804,0.637054276193238,,,,0.25505400894229,-571.189924631802,0.190009482886243,,-6.79170115063118,-9.40147971615627,0.0164966359686491,-660.14406353183,0.0638403520030624,,-7.5634212373837,-9.53104804526943,-320.118699378986,0.546181522705164,,,,-541.578372813172,0.232048166196624,,,-9.70392577339468,-19.5881876952942,-142.885930043025,0.0936875951541153,0.222688129780078,0.137089688882564,0,991.298852502626,0.0654325550077785,2.65329770514442,0.893524677789177
7120628730,438041,0.570349386213409,0.282341831916903,0.147308781869688,0,0,0,0.03695247880267,0,0,0,0,0,0,0,0,0.681403686567233,0,0,0,0,0,0.001478099174132,0.035474381060188,0,0.007390495760534,3.11916738337014,0,0,0.121204127653508,0,0,0.013302892016555,0.004434297632524,0,0,0,0,0,0,0,0,0,0,12.1804741142148,0,16.2012819562523,1175.2184719258,1175.2184719258,320.573532350103,142,8693.7,316,421,1425,1443,22,30,21,29,39,12,59,11,-121.181479054837,36.3121568437453,Arroyo Loma,316,356.957522254111,,,,,,,1425,838.687328298467,,15.4261513012839,20.4238319706944,0.642664963327248,0.617257297781826,,,,0.221813609404899,-590.146459510583,0.146963486235719,,-7.28866104689553,-9.72156627832273,0.014424735955885,-657.565392149501,0.0494812160818319,,-7.79782281227149,-9.61910813216645,-415.818981998523,0.399089277072654,,,-9.82124189176356,-569.860615250687,0.176332977095197,,-3.81799208699977,-10.9793378522827,-17.2383144948274,-78.4540709883073,0.100660262178539,0.359840595971004,0.219724920296317,0,961.219341380528,0.0654325550077785,2.65329770514442,0.893524677789177
7120628730,438041,0.570349386213409,0.282341831916903,0.147308781869688,0,0,0,0.03695247880267,0,0,0,0,0,0,0,0,0.681403686567233,0,0,0,0,0,0.001478099174132,0.035474381060188,0,0.007390495760534,3.11916738337014,0,0,0.121204127653508,0,0,0.013302892016555,0.004434297632524,0,0,0,0,0,0,0,0,0,0,12.1804741142148,0,16.2012819562523,1175.2184719258,1175.2184719258,320.573532350103,142,8693.7,316,421,1425,1443,22,30,21,29,39,12,59,11,-121.181479054837,36.3121568437453,Baja,316,356.89670646506,,,,,,,1425,839.703570280101,,15.4805361058475,20.4417565103242,0.645716280977608,0.619778253225062,,,,0.221813502050257,-590.746950706009,0.146095153384324,,-7.31763666674334,-9.72094553472264,0.0144941049148294,-657.70074724795,0.0492854787773971,,-7.81516442935374,-9.66584392329738,-415.748682530185,0.399190471348458,,,-9.77947279989623,-569.609370944942,0.176696063853823,,-3.83654733525687,-10.9639025598792,-17.2538935285956,-78.5249734319044,0.100602550387221,0.359840595971004,0.219724920296317,0,961.219341380528,0.0654325550077785,2.65329770514442,0.893524677789177
7121089740,438957,0.823383084577114,0.153233830845771,0.023383084577114,0,0,0,0.133742400950334,0,0,0,0,0,0,0,0.024316800008084,4.94086982077913,0,0,0,0,0,0,0,0,0.07447020036446,3.52908531266486,0,0,0.170217594621361,0,0,0,0,0,0,0,0,0,0,0,0,0,0,13.1142731532286,0,21.9869752826168,1060.50704499792,1060.50704499792,297.191894561112,129.6,705.8,805,898,1313,1334,62,68,54,55,36,17,27,19,-122.302489321613,38.3601635615559,Big Ranch,805,891.082965108615,,,,,,,1313,907.870229013923,,13.3236491999594,15.8331624158252,8.59943495783458,7.02285857575647,,,,0.613159706083799,-345.496214166285,0.586976074941701,,,,0.0526482045662881,-650.945086742472,0.221826799542318,,,,-77.4200211059618,0.907448129142478,,,,-412.08585724979,0.507371394407219,,,,-19.5563615938188,-89.4101160515283,0.0034220505939991,0.242820801739599,0.218726498269482,88.5598014991981,1195.00588293495,0.245546635638223,0.540360087662637,0.800379385877219
7120644740,438075,0.638115631691649,0.124197002141328,0.237687366167024,0,0,0,0.98405257842524,0,0,0,0,0,0,0,0.241830135201871,91.0515784941853,0,0,0,0,0,0.352990818265286,2.91910133641371,0,1.00181569353529,2.49098199279357,0,0,0.98405257842524,0,0,11.1108802481832,0.666417096910353,0,0,0,0,0,0,0,0,0,0,9.84028029165591,0,121.643981263995,672.617065362226,672.617065362226,212.55857476727,91.7,414.2,394,484,1526,1483,26,33,26,32,20,11,13,5,-120.578830006711,35.6297736782881,Branch,394,444.719427883289,,,,,,,1526,914.961747974691,,15.1554009865,20.6420501363069,0.353116454015851,0.322085786358211,,,,0.258267215148143,-306.174336785213,0.401659374960402,,-5.00320936505386,-9.8587672423189,0.0153983382286649,-446.664656355985,0.126973842034732,,-4.75832102434707,-7.8851547529524,-178.252753340066,0.651871443977987,,,-10.1234639597251,-385.37538599445,0.246872812495133,,,-10.1512882144445,-18.0551562501223,-145.375137393226,0.0847977576960846,0.361884368308352,0.124197002141328,120,672.617065362226,0.08,1,0.85
7120616370,438524,0.148679944418712,0.689207966651227,0.16211208893006,0,0,0,0.499873479920785,0,0,0,0,0,0,0,0.606989238792642,97.5645933674806,0,0,0,0,0,0.318371813646078,2.67343054324063,0,2.14975351563147,2.3115937259527,0,0,0.499873479920785,0,6.55340071510482,0.153235026994938,0.575747140090347,0,0,0,0,0,0,0,0,0,0,8.56770477755578,0,122.474566824332,667.895822509967,667.895822509967,213.735405530937,141.4,431.4,236,300,1518,1516,16,20,16,20,80,44,63,39,-120.22350540911,36.8692709994176,Bulldog Vineyards,236,250.423350637775,,,,,,,1518,1075.77080011944,,15.7705659281178,19.6282182299554,2.29539993216236,1.95105609636444,,,,0.155503480033768,-467.805060558855,-0.119223497964091,-2.46655999519134,-4.13590671205856,-5.01158121618833,0.0189826126677458,-438.235764689854,-0.0484689650576101,,-4.31153880612579,-5.32012518785462,-201.198476941015,0.518930199222854,,,,-275.737008950963,0.340509908206691,,,-7.01088027439732,-19.3439577052659,-31.8826456253025,0.111679821076075,0.760919866320938,0.606723730916303,132.587469262407,546.276626823111,0.0654325550077785,2.65329770514442,0.893524677789177
7121108010,438036,0.639258830341633,0.276201505500869,0.084539664157499,0,0,0,0,0,0,0,0,0,0,0,0,0,0,0,0,0,0,0,0,0,0,2.65169711956592,0,0,0,0,0,0,0,0,0,0,0,0,0,0,0,0,0,10.9296768136741,0,13.5813739332401,1212.69491982554,1212.69491982554,329.732221352297,112.9,10241.7,478,435,1303,1427,37,31,35,30,40,13,54,13,-121.408718133788,36.4682052250264,Carmel,478,539.472832174757,,,,,,,1303,766.437074066274,,14.8300994617622,19.5541093054695,0.719185473007747,0.687716538089783,,,,0.366941206562356,-473.119528627736,0.325390304041314,,,-1.8782889382579,0.0254271305241753,-622.54040910312,0.112334683530897,,,-2.34428617926449,-297.990114846882,0.575103100566109,,,,-521.100932691586,0.256974780164993,,,,-16.4840075839611,-77.0696952168399,0.0747993028260107,0.294296008595797,0.213884426785164,0,991.871588114227,0.0654325550077785,2.65329770514442,0.893524677789177
7121108010,438036,0.639258830341633,0.276201505500869,0.084539664157499,0,0,0,0,0,0,0,0,0,0,0,0,0,0,0,0,0,0,0,0,0,0,2.65169711956592,0,0,0,0,0,0,0,0,0,0,0,0,0,0,0,0,0,10.9296768136741,0,13.5813739332401,1212.69491982554,1212.69491982554,329.732221352297,112.9,10241.7,478,435,1303,1427,37,31,35,30,40,13,54,13,-121.408718133788,36.4682052250264,Casa Grande,478,539.609512005829,,,,,,,1303,764.376741847919,,14.8115311759837,19.5528593425974,0.7242693046954,0.693199151683772,,,,0.366941407751891,-476.512057385188,0.320552979316558,,,-1.87885407916935,0.0253547126682604,-623.79880202077,0.110540371497245,,,-2.34781442979403,-299.344461232033,0.573171970803278,,,,-520.960096715425,0.257175594778022,,,,-16.3563397309815,-76.4727941011367,0.0748347509683641,0.294296008595797,0.213884426785164,0,991.871588114227,0.0654325550077785,2.65329770514442,0.893524677789177
7120577150,438988,0.692182410423453,0.270358306188925,0.037459283387622,0,0,0,0.34102713301414,0,0,0,0,0,0,0,0.35006463095434,26.8553895084742,0,0,0,0,0,0.828000300301774,1.70929050756134,0,1.31500002475048,2.03852330221616,0,0,0.34102713301414,0,0,0.079147582420559,0.357677741691937,0,0,0,0,0,0,0,0,0,0,7.75674884734906,0,41.9718967117482,757.374248425397,757.374248425397,229.235023641766,79.2,656.1,1008,967,1309,1280,77,76,58,57,13,18,23,18,-122.801587261698,38.5350934604607,Chalk Ridge,1008,1116.11343924309,,,,,,,1309,907.152520887363,,12.4148341391866,15.6796620769589,3.34381700449166,3.06848364390155,,,,0.770071032992346,-227.05301602628,0.645502971830345,,,,0.0641088341949336,-483.227126737194,0.245539287003043,,,,53.7366355665288,1.08389880894586,,,,-202.437475144386,0.683935124118558,,,,-16.2036018171874,-41.9116680061067,0,0.425990550732447,0.386613145886402,72.322521626292,924.140514441746,0.38653589133939,0.358485922408542,0.768918908233425
7120581040,438208,0.058111380145278,0.849878934624697,0.092009685230024,0,0,0,0.888205841767709,0.244535480443603,0,0,0,0,0,0,1.27130400135762,75.777041160909,0,0,0,0,0,0.596920718178267,5.65627024442075,0,3.8595007690098,2.35199440094464,0,0,1.02032524080801,0,18.090022404751,4.21889895780943,1.37764451213685,0,0,0,0,0,0,0,0,0,0,8.74564507014892,0,124.098308802686,658.870092969925,658.870092969925,199.461138182938,56.9,2142.9,430,761,1385,1378,31,56,32,49,56,23,63,16,-121.626039524271,38.3817347622854,Clarksburg,430,461.199203292619,,,,,,,1385,990.542221017531,,14.3991257643011,17.062073204671,20.0337106187221,15.5203062696543,,,,0.310510927817779,-337.431125523543,0.318459891332934,,-4.13965128017428,-5.10506887738914,0.0337052807322809,-431.562417543221,0.128347501009964,,-4.2709692291775,-4.9292131114819,-21.0556373518631,0.957440220332268,,,,-204.444396632811,0.587058575343398,,,,-19.4312631936228,-21.5872360440302,0.0189709847805566,0.993759406457025,0.900127425020509,100.510991219971,706.397919119089,0.170569161760742,0.69833729609375,0.820692549788062
7121125490,437965,0.765144863915716,0.155399473222125,0.07945566286216,0,0.242123872056861,0,0.304467024956358,0,0,0,0,0,0,0,0.065278153162771,19.9461024424508,0,0,0,0,0,0.084092261551781,0,0,0.726439133533724,3.00382800705562,0,0,0.324775778184411,0,0,0.046396541222121,0,0,0,0,0,0,0,0,0,0,0,11.1281432315563,0,35.8716464457307,845.025810432884,845.025810432884,252.652116563876,156.9,296.6,413,434,1152,1187,36,37,32,33,20,18,20,16,-120.378942018711,34.7769854861879,Coastal Vineyards,413,465.126900743263,,,,,,,1152,580.184489324367,,11.4566518003866,15.6870376285803,0.618910697627148,0.612998336676469,,,,0.358622467125873,-285.243477917624,0.512906298056119,,,,0.0189625864944116,-491.408171541869,0.160850838065687,,,,-128.440815530924,0.780669087425318,,,,-419.710468443506,0.283284836830563,,,,-15.2813448226875,-100.198329129244,0.0711652386682147,0.231767998244074,0.15251097453907,120.6,836.575552328555,0.0792,1.05,0.852125
7120013630,438963,0.547241944292736,0.418350628072092,0.034407427635172,0,0,0,0.944978957969881,0.016641187064764,0,0,0,0,0,0,2.50313445925023,115.392624915943,0,0,0,0,0,6.30853773642055,0,0,8.63147879619251,3.30081489219533,0,0,1.01759504107759,0,0,0.592091437817185,0,0,0,0,0,0,0,0,0,0,0,13.0925464419877,0,151.800443865919,679.217740435669,679.217740435669,213.22186982157,124,387.6,750,859,1281,1290,59,67,53,55,33,21,15,12,-122.42597828143,38.226669985767,Diamond,750,832.388523746315,,,,,,,1281,866.012795088122,,13.0154101289972,15.5293310337656,6.48760010641075,5.49427506049665,,,,0.585530990940938,-237.75579338958,0.551782368986392,,,,0.0485188049001056,-420.948237032005,0.206427658851283,,,,-37.3728740614527,0.929544593478964,,,,-234.939160614917,0.557092289942246,,,,-16.4022383500926,-33.7708050200372,0.00474560444827868,0.521058393066248,0.485692844466121,90.8305656402032,757.781733497615,0.229801595744608,0.56880009227646,0.804401392841427
7120588160,438205,0.052884615384615,0.921474358974359,0.025641025641026,0,1.59055479620717,0,0.507926591000663,0.240389139739302,0,0,0,0,0,0,1.15813722792657,86.2542010595572,0,0,0,0,0,0.529175222611916,4.94704117327052,0,3.62109639091089,2.35877869134351,0,0,0.507926591000663,0,14.1925085128463,1.31084401757537,1.19896140057013,0,0,0,0,0,0,0,0,0,0,8.70896747572986,0,127.12650829029,660.122258476695,660.122258476695,203.800856584405,89.4,45671,382,541,1392,1299,27,48,28,40,88,25,63,26,-121.446126945643,38.0878450802387,Dragon Mist,382,406.297817657166,,,,,,,1392,980.359093434258,,14.6087616171501,17.730996070226,14.0839254686705,10.9278206873821,,,,0.274463957884453,-349.862328886138,0.281768171607535,,-3.82124199087843,-5.45770419922214,0.0303355562187356,-432.200015361239,0.112743936832222,,-4.30436672950525,-5.36077065381399,-41.6488092496968,0.914527044006127,,,,-217.753667854236,0.553007715347721,,,,-19.5283490311188,-20.4854196842146,0.0299896863952268,0.979178635240548,0.953280398066078,106.260140619141,686.857176674179,0.141645182765625,0.812469984375,0.831033843753978
7121125490,437965,0.765144863915716,0.155399473222125,0.07945566286216,0,0.242123872056861,0,0.304467024956358,0,0,0,0,0,0,0,0.065278153162771,19.9461024424508,0,0,0,0,0,0.084092261551781,0,0,0.726439133533724,3.00382800705562,0,0,0.324775778184411,0,0,0.046396541222121,0,0,0,0,0,0,0,0,0,0,0,11.1281432315563,0,35.8716464457307,845.025810432884,845.025810432884,252.652116563876,156.9,296.6,413,434,1152,1187,36,37,32,33,20,18,20,16,-120.378942018711,34.7769854861879,El Camino,413,465.198308432828,,,,,,,1152,577.114519523594,,11.5124682332313,15.7619562516434,0.593541549060396,0.589090693313912,,,,0.358621657136089,-271.974442456844,0.521348634176761,,,,0.0188057200607346,-475.425302272962,0.163292814485728,,,,-112.067304289679,0.802771290648405,,,,-404.526774122584,0.288068058172166,,,,-11.2686924999261,-78.3153218609087,0.0725520364620699,0.222552814660836,0.143888733802815,122.418060075,811.728421848845,0.0768476808,1.21550625,0.858531928158203
7120642580,438071,0.808880308880309,0.065637065637066,0.125482625482625,0,0,0,0.404595695049457,0,0,0,0,0,0,0,0.25356751605946,54.1102367988151,0,0,0,0,0,0.162691869713121,1.37192238445626,0,0.441176740443835,1.5046421645847,0,0,0.492626050169619,0,0,4.78095150401033,0.29753816083734,0,0,0,0,0,0,0,0,0,0,5.63099475528489,0,69.4509436394241,675.471928951229,675.471928951229,215.069482169177,32.4,4031.9,330,474,1521,1468,22,33,22,32,22,11,15,7,-120.67800213439,35.7638827378121,Estrella,330,372.454547989525,,,,,,,1521,916.055639203778,,15.2536667225079,20.5345733527764,0.372240252677426,0.341400390975826,,,,0.217025669418056,-322.489995483339,0.376522672586646,,-5.06908527684682,-8.38401194977729,0.0129527128322736,-455.631614230116,0.119036315104777,,-5.29529457353209,-7.18253841958031,-180.349988943928,0.651551897349106,,,,-380.449567380878,0.264526754457746,,,-8.60822551132783,-17.4818458999329,-215.378264101994,0.0532851926170689,0.207594206533542,0.0811681065999039,111.223125,695.93940387038,0.1169075,0.857375,0.83731364375
7120644740,438075,0.638115631691649,0.124197002141328,0.237687366167024,0,0,0,0.98405257842524,0,0,0,0,0,0,0,0.241830135201871,91.0515784941853,0,0,0,0,0,0.352990818265286,2.91910133641371,0,1.00181569353529,2.49098199279357,0,0,0.98405257842524,0,0,11.1108802481832,0.666417096910353,0,0,0,0,0,0,0,0,0,0,9.84028029165591,0,121.643981263995,672.617065362226,672.617065362226,212.55857476727,91.7,414.2,394,484,1526,1483,26,33,26,32,20,11,13,5,-120.578830006711,35.6297736782881,Firehouse,394,444.572681423464,,,,,,,1526,918.432092122397,,15.1606899648506,20.6362256856907,0.35414555979611,0.323501266025173,,,,0.258267044731571,-305.795131984526,0.402393628179588,,-4.99410819042774,-9.81112913702833,0.015473272325806,-446.423238240978,0.12743588543214,,-4.75741105113059,-7.86538066903697,-178.107406371812,0.652150727843442,,,-9.98094561034469,-385.590415077247,0.246443219307356,,,-10.1240806733561,-17.2370012219914,-138.787578804654,0.0847512934201189,0.361884368308352,0.124197002141328,120,672.617065362226,0.08,1,0.85
7120644740,438075,0.638115631691649,0.124197002141328,0.237687366167024,0,0,0,0.98405257842524,0,0,0,0,0,0,0,0.241830135201871,91.0515784941853,0,0,0,0,0,0.352990818265286,2.91910133641371,0,1.00181569353529,2.49098199279357,0,0,0.98405257842524,0,0,11.1108802481832,0.666417096910353,0,0,0,0,0,0,0,0,0,0,9.84028029165591,0,121.643981263995,672.617065362226,672.617065362226,212.55857476727,91.7,414.2,394,484,1526,1483,26,33,26,32,20,11,13,5,-120.578830006711,35.6297736782881,Five Hills,394,444.274808688003,,,,,,,1526,921.732595962645,,15.0692410371138,20.7341702858873,0.341029783969091,0.311245986865947,,,,0.258267302442805,-301.693662985583,0.404396189115119,,-4.99305371530922,-9.75687764648389,0.0155932375454618,-441.404716846601,0.128443438592362,,-4.72500807932537,-7.78652550688423,-174.615891876266,0.655496976671466,,,-10.1590344729157,-380.515991502383,0.248776247559273,,,-10.066141806219,-17.2378483594411,-142.007941501371,0.0852117474562535,0.358479657387581,0.121386509635975,120.6,665.890894708604,0.0792,1.05,0.852125
7120628730,438041,0.570349386213409,0.282341831916903,0.147308781869688,0,0,0,0.03695247880267,0,0,0,0,0,0,0,0,0.681403686567233,0,0,0,0,0,0.001478099174132,0.035474381060188,0,0.007390495760534,3.11916738337014,0,0,0.121204127653508,0,0,0.013302892016555,0.004434297632524,0,0,0,0,0,0,0,0,0,0,12.1804741142148,0,16.2012819562523,1175.2184719258,1175.2184719258,320.573532350103,142,8693.7,316,421,1425,1443,22,30,21,29,39,12,59,11,-121.181479054837,36.3121568437453,Hobson,316,356.815876921199,,,,,,,1425,843.400829352477,,15.3103551743412,20.3407268100674,0.633365058596025,0.607094661794669,,,,0.221813463009747,-585.983846525279,0.152982180845575,,-7.10625624933851,-9.70409442816278,0.0144737281979476,-656.143023278575,0.0515378081302604,,-7.81611622061118,-9.59309508159818,-414.762389033885,0.400615918966189,,,-9.83606603314482,-569.982092335226,0.176157022918935,,-3.80633606545644,-11.0312689577303,-17.3410094932158,-78.9214508296557,0.100597923200604,0.359840595971004,0.219724920296317,0,961.219341380528,0.0654325550077785,2.65329770514442,0.893524677789177
7121091100,438955,0.57351290684624,0.405162738496072,0.021324354657688,0,0,0,0.474059010922379,0,0,0,0,0,0,0,0.957205417413539,47.1666006108474,0,0,0,0,0,1.92501281257347,0.866331515891266,0,3.17604399115457,1.89572507506633,0,0,0.508894021852671,0,0,0.18023329669791,0.131767201442031,0,0,0,0,0,0,0,0,0,0,7.27325088765322,0,64.5551238415148,701.078129309916,701.078129309916,217.897236716603,139.3,974,704,844,1269,1319,56,64,52,54,31,20,16,19,-122.319479710656,38.2269864715847,Huichica,704,780.805714077915,,,,,,,1269,858.551046875356,,12.8649314754222,15.3196325380479,6.93864882530599,5.83689582925517,,,,0.55481897316741,-223.549979041065,0.599749101848395,,,,0.0462478966819635,-433.145440448386,0.224482810003338,,,,-37.066482176625,0.933635007052318,,,,-256.514389740314,0.540728586409254,,,,-16.6472502933372,-34.3586668447287,0.00308691076128308,0.506541747580382,0.484513859881942,86.3458064617181,797.892308026356,0.261685301529179,0.513342083279505,0.796377488947833
7121089740,438957,0.823383084577114,0.153233830845771,0.023383084577114,0,0,0,0.133742400950334,0,0,0,0,0,0,0,0.024316800008084,4.94086982077913,0,0,0,0,0,0,0,0,0.07447020036446,3.52908531266486,0,0,0.170217594621361,0,0,0,0,0,0,0,0,0,0,0,0,0,0,13.1142731532286,0,21.9869752826168,1060.50704499792,1060.50704499792,297.191894561112,129.6,705.8,805,898,1313,1334,62,68,54,55,36,17,27,19,-122.302489321613,38.3601635615559,Hunter,805,891.274053461559,,,,,,,1313,905.141164883343,,13.3165143381672,15.8271695992363,8.36887887245151,6.85632687624726,,,,0.613159599600444,-344.825303255194,0.587778116314374,,,,0.052451954507372,-650.965348552387,0.22180257753375,,,,-79.2086440324402,0.905309917401646,,,,-413.893359963216,0.505210612799078,,,,-17.4005746234009,-79.5540309979384,0.00342390096876745,0.242820801739599,0.218726498269482,88.5598014991981,1195.00588293495,0.245546635638223,0.540360087662637,0.800379385877219
7121089740,438957,0.823383084577114,0.153233830845771,0.023383084577114,0,0,0,0.133742400950334,0,0,0,0,0,0,0,0.024316800008084,4.94086982077913,0,0,0,0,0,0,0,0,0.07447020036446,3.52908531266486,0,0,0.170217594621361,0,0,0,0,0,0,0,0,0,0,0,0,0,0,13.1142731532286,0,21.9869752826168,1060.50704499792,1060.50704499792,297.191894561112,129.6,705.8,805,898,1313,1334,62,68,54,55,36,17,27,19,-122.302489321613,38.3601635615559,Jaeger,805,891.31878417517,,,,,,,1313,905.995172255034,,13.3229494442665,15.8290295894853,8.34507229631236,6.83545358106965,,,,0.613159094324287,-345.669722372177,0.586768654318004,,,,0.0524596861781748,-651.234969928357,0.221480258288512,,,,-78.5438151252475,0.906104688034383,,,,-412.577855799152,0.50678323406378,,,,-17.3862506409218,-79.4885428993658,0.00342521993461918,0.242820801739599,0.218726498269482,88.5598014991981,1195.00588293495,0.245546635638223,0.540360087662637,0.800379385877219
7120577150,438988,0.692182410423453,0.270358306188925,0.037459283387622,0,0,0,0.34102713301414,0,0,0,0,0,0,0,0.35006463095434,26.8553895084742,0,0,0,0,0,0.828000300301774,1.70929050756134,0,1.31500002475048,2.03852330221616,0,0,0.34102713301414,0,0,0.079147582420559,0.357677741691937,0,0,0,0,0,0,0,0,0,0,7.75674884734906,0,41.9718967117482,757.374248425397,757.374248425397,229.235023641766,79.2,656.1,1008,967,1309,1280,77,76,58,57,13,18,23,18,-122.801587261698,38.5350934604607,Jensen,1008,1115.95415417011,,,,,,,1309,906.283648930049,,12.3716635061215,15.6675582740484,3.30266026670713,3.03991877429901,,,,0.77007006425359,-227.968010184197,0.64407439485986,,,,0.0640973669311842,-483.527595048797,0.245070166947356,,,,55.2031001327088,1.08618839461059,,,,-200.35648473189,0.687184166698084,,,,-15.1457271705646,-39.175406557476,0,0.425990550732447,0.386613145886402,72.322521626292,924.140514441746,0.38653589133939,0.358485922408542,0.768918908233425
7120577150,438988,0.692182410423453,0.270358306188925,0.037459283387622,0,0,0,0.34102713301414,0,0,0,0,0,0,0,0.35006463095434,26.8553895084742,0,0,0,0,0,0.828000300301774,1.70929050756134,0,1.31500002475048,2.03852330221616,0,0,0.34102713301414,0,0,0.079147582420559,0.357677741691937,0,0,0,0,0,0,0,0,0,0,7.75674884734906,0,41.9718967117482,757.374248425397,757.374248425397,229.235023641766,79.2,656.1,1008,967,1309,1280,77,76,58,57,13,18,23,18,-122.801587261698,38.5350934604607,Jensen_2,1008,1115.91869573081,,,,,,,1309,905.99463621139,,12.3621389050614,15.664576417294,3.29202751384484,3.03259073293802,,,,0.770069797448081,-228.187717806219,0.643731366167989,,,,0.0640907697360623,-483.603545096227,0.24495158642121,,,,55.5523172830562,1.08673362604662,,,,-199.863510006951,0.687953846299845,,,,-15.1185555765596,-39.1051254656557,0,0.425990550732447,0.386613145886402,72.322521626292,924.140514441746,0.38653589133939,0.358485922408542,0.768918908233425
7120574200,438317,0.951456310679612,0.042659605766402,0.005884083553986,0,0,0,0.111236520535333,0,0,0,0,0,0,0,0.039617123186005,4.39448417519905,0,0,0,0,0,0.006100399415245,0.194996410605173,0,0.121892703065229,2.56419618574355,0,0,0.278859177531966,0,0,0.001525099853811,0.044188875881889,0,0,0,0,0,0,0,0,0,0,10.7839209148351,0,18.5410175858523,1046.40395516246,1046.40395516246,293.715211520597,231.3,231.4,907,907,1362,1362,67,67,55,55,12,12,7,7,-122.411571489604,38.6228066243902,Juliana,907,1002.0025896325,,,,,,,1362,982.999149230031,,13.4857528491731,16.9710987691908,7.78206417650751,6.38389974737391,,,,0.665988343304722,-407.558960780535,0.539439241404944,,,,0.0597426525774164,-699.823230553537,0.209166896173974,,,,-37.1942676656275,0.957968731447685,,,,-329.458537438629,0.627696386216716,,,,-18.0704253998522,-122.715174894129,0,0.153440399925944,0.147255018912227,72.322521626292,1276.81168385139,0.38653589133939,0.358485922408542,0.768918908233425
7121107270,438035,0.529923830250272,0.312840043525571,0.157236126224157,0,0,0,0,0,0,0,0,0,0,0,0,0,0,0,0,0,0,0,0,0,0,2.39714276765182,0,0,0,0,0,0,0,0,0,0,0,0,0,0,0,0,0,9.01396428244109,0,11.4111070500929,1206.06543554518,1206.06543554518,327.054173480617,122.5,10364.2,428,435,1275,1425,33,31,32,30,47,13,61,13,-121.453582101474,36.5000557073201,La Estancia,428,483.755463044774,,,,,,,1275,737.921586321812,,14.3997743417329,19.1219888320323,0.751457472224868,0.72181783054116,,,,0.335774737692065,-538.544666498947,0.227881211505875,,,,0.0229446019477199,-642.932428133349,0.0782190626431951,,,,-367.651348024034,0.472893278713579,,,,-542.937280671081,0.221583461024084,,,,-15.6514128334147,-62.9243251784724,0.0795512790076078,0.398292166993501,0.248733900427578,0,986.449286928628,0.0654325550077785,2.65329770514442,0.893524677789177
7121089740,438957,0.823383084577114,0.153233830845771,0.023383084577114,0,0,0,0.133742400950334,0,0,0,0,0,0,0,0.024316800008084,4.94086982077913,0,0,0,0,0,0,0,0,0.07447020036446,3.52908531266486,0,0,0.170217594621361,0,0,0,0,0,0,0,0,0,0,0,0,0,0,13.1142731532286,0,21.9869752826168,1060.50704499792,1060.50704499792,297.191894561112,129.6,705.8,805,898,1313,1334,62,68,54,55,36,17,27,19,-122.302489321613,38.3601635615559,Linda Vista,805,891.681543640334,,,,,,,1313,902.957561026895,,13.3223403389961,15.8119552861465,7.96743797749465,6.5584742883794,,,,0.613158160410375,-345.874453632364,0.586523908051048,,,,0.0521682679670338,-651.65476597943,0.220978412521095,,,,-80.2593416925468,0.904053859436803,,,,-413.402931314589,0.505796896402519,,,,-17.2479267028292,-78.8561369531865,0.00343025486099448,0.242820801739599,0.218726498269482,88.5598014991981,1195.00588293495,0.245546635638223,0.540360087662637,0.800379385877219
7121111250,438051,0.586776859504132,0.170011806375443,0.243211334120425,0,0,0,0,0,0,0,0,0,0,0,0,0,0,0,0,0,0,0,0,0,0,1.53160121639048,0,0,0,0,0,0,0,0,0,0,0,0,0,0,0,0,0,5.65477372205714,0,7.18637493844762,1204.6995095187,1204.6995095187,326.502393714137,55.1,7409.5,279,428,1431,1440,20,30,19,29,30,11,63,8,-121.065339377606,36.0982024675692,Loma del Rio - Producing,279,315.407448725945,,,,,,,1431,853.021480022549,,15.184018043764,19.8813616703427,0.539139094266542,0.516520566200277,,,,0.195021212698035,-619.995558720555,0.129409239418629,,-7.47419462099549,-10.1031981813373,0.012083269302328,-681.956298594349,0.0423776763461577,,-7.55927675540158,-9.69803349166882,-379.247409523692,0.467650446376576,,,-9.9689172781599,-589.95594424673,0.17164066072002,,-4.09799494562532,-10.2881566239762,-16.8530782828857,-149.300856523837,0.107542312045201,0.344215278250342,0.112879983914861,0,985.332086555326,0.0654325550077785,2.65329770514442,0.893524677789177
7121125490,437965,0.765144863915716,0.155399473222125,0.07945566286216,0,0.242123872056861,0,0.304467024956358,0,0,0,0,0,0,0,0.065278153162771,19.9461024424508,0,0,0,0,0,0.084092261551781,0,0,0.726439133533724,3.00382800705562,0,0,0.324775778184411,0,0,0.046396541222121,0,0,0,0,0,0,0,0,0,0,0,11.1281432315563,0,35.8716464457307,845.025810432884,845.025810432884,252.652116563876,156.9,296.6,413,434,1152,1187,36,37,32,33,20,18,20,16,-120.378942018711,34.7769854861879,Los Alamos,413,465.369637785701,,,,,,,1152,574.181545013398,,11.5552672347992,15.6907483473013,0.596363408915864,0.591411161185414,,,,0.358621686799728,-268.066253733097,0.5234613196421,,,,0.0188050028519928,-470.555133750154,0.163498876303174,,,,-105.007697217303,0.813328873879147,,,,-399.271376561438,0.290219293769395,,,,-10.7160346825785,-75.9846114853771,0.0728382513218714,0.219496432624184,0.141029011968308,123.030150375375,803.611137630356,0.076079203992,1.2762815625,0.860678257978598
7120628730,438041,0.570349386213409,0.282341831916903,0.147308781869688,0,0,0,0.03695247880267,0,0,0,0,0,0,0,0,0.681403686567233,0,0,0,0,0,0.001478099174132,0.035474381060188,0,0.007390495760534,3.11916738337014,0,0,0.121204127653508,0,0,0.013302892016555,0.004434297632524,0,0,0,0,0,0,0,0,0,0,12.1804741142148,0,16.2012819562523,1175.2184719258,1175.2184719258,320.573532350103,142,8693.7,316,421,1425,1443,22,30,21,29,39,12,59,11,-121.181479054837,36.3121568437453,Marsino,316,356.798229011809,,,,,,,1425,842.933164387261,,15.3270977842164,20.3844863285174,0.639211297639828,0.612682295146588,,,,0.221813406428538,-587.649892279266,0.15057317809878,,-7.18284969907967,-9.70790394019159,0.0145236481518206,-656.644953342476,0.0508120459449869,,-7.82807344039475,-9.60646248993678,-414.89098211704,0.400429886387186,,,-9.79490790316809,-569.70995220082,0.176550401992406,,-3.82858118392589,-11.065299190306,-17.3279724935388,-78.8621175521221,0.100562835848049,0.359840595971004,0.219724920296317,0,961.219341380528,0.0654325550077785,2.65329770514442,0.893524677789177
7121109910,438045,0.714542836573074,0.195464362850972,0.089992800575954,0,0,0,0,0,0,0,0,0,0,0,0,0,0,0,0,0,0,0,0,0,0,2.19209431939303,0,0,0,0,0,0,0,0,0,0,0,0,0,0,0,0,0,8.94596657124561,0,11.1380608906386,1211.99467437551,1211.99467437551,329.449350052238,190.5,8551.7,358,423,1404,1443,26,30,25,29,33,12,35,10,-121.194752404082,36.2049729691897,Mesa Del Rio,358,404.399858395034,,,,,,,1404,828.122132841028,,14.9438940543434,20.0359761036242,0.631237546360234,0.606008091416345,,,,0.255053888245755,-560.859792420652,0.204647894962942,,-7.09680626938416,-9.39591419588942,0.0165202379589956,-656.675174107631,0.0687448372704095,,-7.50156931075992,-9.51127451127273,-322.14044531803,0.543303038547014,,,,-543.849680408741,0.228812105332525,,,-9.70560886314895,-17.2786595484338,-126.039089367511,0.0936499868890501,0.222688129780078,0.137089688882564,0,991.298852502626,0.0654325550077785,2.65329770514442,0.893524677789177
7120577040,438989,0.694625407166124,0.275244299674267,0.030130293159609,0,0,0,0.511639629497866,0,0,0,0,0,0,0,0.554190294055438,39.2689725368345,0,0,0,0,0,1.29261469595997,2.6415659622746,0,2.11779277903441,2.02876791283031,0,0,0.511639629497866,0,0,0.121800706541491,0.577036663667075,0,0,0,0,0,0,0,0,0,0,7.91837587989578,0,57.5443966900893,722.252010875405,722.252010875405,220.958494453917,80.7,2714.9,1105,1126,1288,1291,86,88,59,60,21,10,14,6,-122.886326856642,38.5499010762262,Mirabelle,1105,1223.84797794856,,,,,,,1288,868.842219007475,,12.2088443460686,15.445927424237,3.02591991668601,2.87412936034613,,,,0.857926267611494,-151.019677245549,0.752747531470178,,,,0.070055062703185,-436.694133868347,0.285035536025664,,,,139.999575656884,1.22921013543162,,,,-145.674880965914,0.761498139987108,,,,-13.4981827773691,-34.4561733071573,0,0.423422459112053,0.391749329127191,72.322521626292,881.28471000256,0.38653589133939,0.358485922408542,0.768918908233425
7121089740,438957,0.823383084577114,0.153233830845771,0.023383084577114,0,0,0,0.133742400950334,0,0,0,0,0,0,0,0.024316800008084,4.94086982077913,0,0,0,0,0,0,0,0,0.07447020036446,3.52908531266486,0,0,0.170217594621361,0,0,0,0,0,0,0,0,0,0,0,0,0,0,13.1142731532286,0,21.9869752826168,1060.50704499792,1060.50704499792,297.191894561112,129.6,705.8,805,898,1313,1334,62,68,54,55,36,17,27,19,-122.302489321613,38.3601635615559,Napa River Ranch,805,891.107404149169,,,,,,,1313,909.289887362148,,13.3322410015457,15.8502070768054,8.60049581894865,7.01917429728208,,,,0.61315915333291,-346.585909858318,0.585673396725882,,,,0.0526860242009318,-651.259699112652,0.221450695751089,,,,-76.4015691330627,0.908665638956139,,,,-410.287197660368,0.50952160449059,,,,-17.4596508109098,-79.8241225870979,0.00342334821553588,0.242820801739599,0.218726498269482,88.5598014991981,1195.00588293495,0.245546635638223,0.540360087662637,0.800379385877219
7121089740,438957,0.823383084577114,0.153233830845771,0.023383084577114,0,0,0,0.133742400950334,0,0,0,0,0,0,0,0.024316800008084,4.94086982077913,0,0,0,0,0,0,0,0,0.07447020036446,3.52908531266486,0,0,0.170217594621361,0,0,0,0,0,0,0,0,0,0,0,0,0,0,13.1142731532286,0,21.9869752826168,1060.50704499792,1060.50704499792,297.191894561112,129.6,705.8,805,898,1313,1334,62,68,54,55,36,17,27,19,-122.302489321613,38.3601635615559,North 40,805,891.214325218994,,,,,,,1313,909.532734679791,,13.3376643955847,15.8521057730351,8.50098257262608,6.94276408918248,,,,0.613158541622884,-347.398196787531,0.584702347197635,,,,0.052638264517002,-651.589296893677,0.221056677629825,,,,-76.1502881194627,0.908966033189923,,,,-409.254260987205,0.510756430059129,,,,-17.4237001428951,-79.6597590175298,0.00342542492711772,0.242820801739599,0.218726498269482,88.5598014991981,1195.00588293495,0.245546635638223,0.540360087662637,0.800379385877219
7121089740,438957,0.823383084577114,0.153233830845771,0.023383084577114,0,0,0,0.133742400950334,0,0,0,0,0,0,0,0.024316800008084,4.94086982077913,0,0,0,0,0,0,0,0,0.07447020036446,3.52908531266486,0,0,0.170217594621361,0,0,0,0,0,0,0,0,0,0,0,0,0,0,13.1142731532286,0,21.9869752826168,1060.50704499792,1060.50704499792,297.191894561112,129.6,705.8,805,898,1313,1334,62,68,54,55,36,17,27,19,-122.302489321613,38.3601635615559,Oakview Ranch,805,891.258346784415,,,,,,,1313,907.172156617478,,13.3268096951555,15.8236845978066,8.42214228193208,6.8902672334783,,,,0.613159034621103,-346.089420892704,0.586266925143612,,,,0.052532542086932,-651.284626440102,0.221420896343158,,,,-77.7644646069697,0.907036363684815,,,,-411.651414993412,0.507890749000939,,,,-17.4078507136095,-79.5872966985561,0.00342480869673814,0.242820801739599,0.218726498269482,88.5598014991981,1195.00588293495,0.245546635638223,0.540360087662637,0.800379385877219
7121089330,438958,0.716996366572467,0.268469923294308,0.014533710133226,0,0,0,0.133742400950334,0,0,0,0,0,0,0,0.024316800008084,4.94086982077913,0,0,0,0,0,0,0,0,0.07447020036446,2.74197237541885,0,0,0.170217594621361,0,0,0,0,0,0,0,0,0,0,0,0,0,0,10.2080100003202,0,18.2935991924624,1031.39439861179,1031.39439861179,291.273868224722,163.3,576.2,847,919,1332,1339,64,69,54,56,20,12,26,17,-122.366396912245,38.4103916902666,Oakville 38,847,938.508307962884,,,,,,,1332,930.485108036494,,13.5421861267646,16.153732242154,7.74767607088904,6.34857310131713,,,,0.635940472913414,-288.403901056288,0.64195038554554,,,,0.0544093369861375,-609.79495508934,0.242947658591482,,,,-47.7106492356112,0.940767862356867,,,,-390.513555274722,0.515182605390398,,,,-17.2073408734126,-51.8858345169374,0.00418357525330959,0.346576931247129,0.331638510464653,90.8305656402032,1150.69408345908,0.229801595744608,0.56880009227646,0.804401392841427
7120632190,438048,0.714366515837104,0.161764705882353,0.123868778280543,0,0,0,0,0,0,0,0,0,0,0,0,0,0,0,0,0,0,0,0,0,0,2.00643635768639,0,0,0,0,0,0,0,0,0,0,0,0,0,0,0,0,0,7.68217277834795,0,9.68860913603434,1207.39738336333,1207.39738336333,327.592227402875,119.1,7676.6,337,424,1407,1441,24,30,23,29,23,12,35,9,-121.144313602069,36.1210944370355,Oasis,337,381.031076736411,,,,,,,1407,834.077492799633,,14.8463343713814,19.6924495480848,0.56163369651298,0.53912397754422,,,,0.239581219943062,-563.655462846038,0.198708565227585,,-6.24598929322042,-9.51596217437675,0.014978698507373,-657.359076418397,0.0654671486711395,,-7.46137339952273,-9.52792303391941,-302.481464433499,0.570159890613653,,,,-546.712417244528,0.222843753554007,,,-10.1567242647049,-16.8429266256576,-160.354471914743,0.0971526075441113,0.222855840752515,0.105035590367649,0,987.538696289611,0.0654325550077785,2.65329770514442,0.893524677789177
7121089330,438958,0.716996366572467,0.268469923294308,0.014533710133226,0,0,0,0.133742400950334,0,0,0,0,0,0,0,0.024316800008084,4.94086982077913,0,0,0,0,0,0,0,0,0.07447020036446,2.74197237541885,0,0,0.170217594621361,0,0,0,0,0,0,0,0,0,0,0,0,0,0,10.2080100003202,0,18.2935991924624,1031.39439861179,1031.39439861179,291.273868224722,163.3,576.2,847,919,1332,1339,64,69,54,56,20,12,26,17,-122.366396912245,38.4103916902666,Ottos,847,938.038057578777,,,,,,,1332,926.278615895576,,13.5614362112376,16.1191300017895,8.22628276008756,6.7234201018897,,,,0.635944132690727,-282.1316878171,0.649737255015204,,,,0.0545436172129292,-607.492201325616,0.24580649681893,,,,-49.0958573583436,0.93904814486183,,,,-397.053598531341,0.507063228509671,,,,-17.3322043251921,-52.2623391985094,0.00417026933197163,0.346576931247129,0.331638510464653,90.8305656402032,1150.69408345908,0.229801595744608,0.56880009227646,0.804401392841427
7121089330,438958,0.716996366572467,0.268469923294308,0.014533710133226,0,0,0,0.133742400950334,0,0,0,0,0,0,0,0.024316800008084,4.94086982077913,0,0,0,0,0,0,0,0,0.07447020036446,2.74197237541885,0,0,0.170217594621361,0,0,0,0,0,0,0,0,0,0,0,0,0,0,10.2080100003202,0,18.2935991924624,1031.39439861179,1031.39439861179,291.273868224722,163.3,576.2,847,919,1332,1339,64,69,54,56,20,12,26,17,-122.366396912245,38.4103916902666,Ottos South Vineyard,847,938.02649315643,,,,,,,1332,925.506394771777,,13.5570930600576,16.1104393015785,8.23404705878626,6.73155788202061,,,,0.635944411321293,-281.512255254364,0.650506272318562,,,,0.0545246924616696,-607.30801946988,0.246035156147719,,,,-49.3997361014098,0.938670883436456,,,,-397.815942627939,0.506116788434246,,,,-17.3320103097089,-52.261754177539,0.00416945712280634,0.346576931247129,0.331638510464653,90.8305656402032,1150.69408345908,0.229801595744608,0.56880009227646,0.804401392841427
7120574190,438997,0.683473389355742,0.297478991596639,0.019047619047619,0,0,0,0.682847349312741,0,0,0,0,0,0,0,0.605120470420011,48.0934078658959,0,0,0,0,0,1.48005767984178,3.22391869386257,0,2.21008561370532,1.50143278482225,0,0,0.682847349312741,0,0,0.143283106908031,0.667626511677173,0,0,0,0,0,0,0,0,0,0,5.85297737949911,0,65.1436048052576,686.749019201484,686.749019201484,213.751570995606,116.2,1827.6,1070,1123,1343,1299,80,87,58,60,22,11,10,6,-122.819247313478,38.6875583740456,Peterson,1070,1182.18829704132,,,,,,,1343,938.708165525846,,12.5175191040809,15.9690201769915,3.10204629110683,2.8792615279467,,,,0.796741147889639,-231.593378431577,0.601228650128496,,,,0.0673420641184399,-446.689980920909,0.230862437120439,,-2.38472334764144,-2.8145142311715,69.2078243274572,1.1191661770109,,,,-145.888778161874,0.748799964002845,,,,-15.6317882249973,-37.6558388890323,0,0.435145521607019,0.415122559639755,72.322521626292,837.964313173686,0.38653589133939,0.358485922408542,0.768918908233425
7121086030,439000,0.841651542649728,0.135208711433757,0.023139745916515,0,0,0,0.512633041658555,0,0,0,0,0,0,0,0.605600002605685,43.9711455088344,0,0,0,0,0,1.50256353546978,3.3118557635567,0,2.19203517313042,1.6498200129022,0,0,0.512633041658555,0,0,0.146443432745413,0.680347723474143,0,0,0,0,0,0,0,0,0,0,6.77029092316773,0,61.8553681592036,702.251043381088,702.251043381088,216.455549343605,143.7,1711.3,1084,1127,1333,1296,82,87,59,61,16,10,6,6,-122.9665425983,38.7654194395328,Rancho Alexander,1084,1194.23607648106,,,,,,,1333,928.434296257311,,12.1644210139741,15.6570810524033,2.64571056669377,2.513281265251,,,,0.813216423084444,-158.757412097294,0.732676292412877,,,,0.0699113107515664,-425.253560182823,0.283936687610986,,,,232.233662453181,1.391046709904,,,,-34.2624856323482,0.942307105102112,,,,-15.4879529358963,-63.3342338780498,0,0.268867776365494,0.244543148113521,72.322521626292,856.879728676671,0.38653589133939,0.358485922408542,0.768918908233425
7121089740,438957,0.823383084577114,0.153233830845771,0.023383084577114,0,0,0,0.133742400950334,0,0,0,0,0,0,0,0.024316800008084,4.94086982077913,0,0,0,0,0,0,0,0,0.07447020036446,3.52908531266486,0,0,0.170217594621361,0,0,0,0,0,0,0,0,0,0,0,0,0,0,13.1142731532286,0,21.9869752826168,1060.50704499792,1060.50704499792,297.191894561112,129.6,705.8,805,898,1313,1334,62,68,54,55,36,17,27,19,-122.302489321613,38.3601635615559,Rancho Mateo,805,891.086957804547,,,,,,,1313,908.359475879532,,13.3264492077903,15.8390752782987,8.6045387573134,7.02518388138943,,,,0.613159536244729,-345.845000522488,0.586559117811814,,,,0.052663664992512,-651.04146721617,0.221711581372297,,,,-77.0698562857876,0.907866734159018,,,,-411.495726486551,0.508076867040887,,,,-17.4667278216766,-79.8564781124814,0.00342241741737441,0.242820801739599,0.218726498269482,88.5598014991981,1195.00588293495,0.245546635638223,0.540360087662637,0.800379385877219
7120574860,438995,0.888751545117429,0.091470951792336,0.019777503090235,0,0,0,0.479847654532288,0,0,0,0,0,0,0,0.345794969903309,26.6795304287826,0,0,0,0,0,0.828689276936768,1.74725480447449,0,1.30092033108714,1.620358709521,0,0,0.511837489451235,0,0,0.079212945055443,0.368644861846261,0,0,0,0,0,0,0,0,0,0,6.30282168425514,0,40.2649131558457,734.842622445659,734.842622445659,223.929029200912,50.6,2065.2,1061,1117,1334,1302,80,86,58,60,17,11,12,6,-122.809043173471,38.6069047189398,Redwood Ranch,1061,1173.6070171591,,,,,,,1334,935.342833674993,,12.4340527460257,15.9520215688233,3.36455010993122,3.07571880724586,,,,0.79537391074256,-182.916663175185,0.705656269380617,,,,0.0669963881666585,-453.683761745781,0.269946386318046,,,,208.615467942124,1.33569743747284,,,,-62.1516306284728,0.899987554410273,,,,-15.9216463995073,-80.1832362169273,0,0.21935599456688,0.198565774477261,72.322521626292,896.647648837437,0.38653589133939,0.358485922408542,0.768918908233425
7120574190,438997,0.683473389355742,0.297478991596639,0.019047619047619,0,0,0,0.682847349312741,0,0,0,0,0,0,0,0.605120470420011,48.0934078658959,0,0,0,0,0,1.48005767984178,3.22391869386257,0,2.21008561370532,1.50143278482225,0,0,0.682847349312741,0,0,0.143283106908031,0.667626511677173,0,0,0,0,0,0,0,0,0,0,5.85297737949911,0,65.1436048052576,686.749019201484,686.749019201484,213.751570995606,116.2,1827.6,1070,1123,1343,1299,80,87,58,60,22,11,10,6,-122.819247313478,38.6875583740456,Rivers Edge,1070,1181.73973403822,,,,,,,1343,938.329154407,,12.5381126852536,15.9438113884068,3.04035548913795,2.83151179336375,,,,0.796740385692582,-232.614121490301,0.599471073594331,,,,0.0674724154741286,-446.9128387333,0.230478707191377,,-2.4032525137592,-2.83010658714056,71.8480508322346,1.12371227713866,,,,-142.450666410764,0.75471991073571,,,,-15.6109695665191,-37.605688257623,0,0.435145521607019,0.415122559639755,72.322521626292,837.964313173686,0.38653589133939,0.358485922408542,0.768918908233425
7120577470,438991,0.267241379310345,0.681034482758621,0.051724137931034,0,0,0,0,0,0,0,0,0,0,0,0,0,0,0,0,0,0,0,0,0,0,0.79039598848634,0,0,0,0,0,0,0,0,0,0,0,0,0,0,0,0,0,2.91801595748802,0,3.70841194597436,1204.69491756161,1204.69491756161,326.500538746182,14,449.9,983,932,1287,1269,77,74,58,57,32,22,37,20,-122.836702609691,38.4671529163838,Riverside - Caddell-Kent,983,1088.86549554964,,,,,,,1287,868.624619675443,,12.2332044436233,15.4444698060506,2.99081942804863,2.83635539456855,,,,0.763798438101638,-350.493041288295,0.616174970931133,,,,0.0623568122380582,-700.517668611324,0.232862902128678,,,,-13.9550714144915,0.984717797330191,,,,-370.750530832087,0.593990988377789,,,,-13.5279600411483,-18.4022154519355,0.00633596504740145,0.787894424513212,0.735126706699082,0,1304.51196971766,0.184833390804761,0.663420431289062,0.816589087039121
7121089330,438958,0.716996366572467,0.268469923294308,0.014533710133226,0,0,0,0.133742400950334,0,0,0,0,0,0,0,0.024316800008084,4.94086982077913,0,0,0,0,0,0,0,0,0.07447020036446,2.74197237541885,0,0,0.170217594621361,0,0,0,0,0,0,0,0,0,0,0,0,0,0,10.2080100003202,0,18.2935991924624,1031.39439861179,1031.39439861179,291.273868224722,163.3,576.2,847,919,1332,1339,64,69,54,56,20,12,26,17,-122.366396912245,38.4103916902666,Skellenger,847,938.54102590192,,,,,,,1332,930.732752290507,,13.539095158397,16.1552392411346,7.71160191853547,6.32055501206199,,,,0.635940226935157,-288.824806483515,0.641427837045368,,,,0.0543974971215467,-609.954194636051,0.242749964808226,,,,-47.6358779803012,0.940860689877708,,,,-390.087907970419,0.515711040868008,,,,-17.1983354836345,-51.8586802827518,0.00418449109740191,0.346576931247129,0.331638510464653,90.8305656402032,1150.69408345908,0.229801595744608,0.56880009227646,0.804401392841427
7121091100,438955,0.57351290684624,0.405162738496072,0.021324354657688,0,0,0,0.474059010922379,0,0,0,0,0,0,0,0.957205417413539,47.1666006108474,0,0,0,0,0,1.92501281257347,0.866331515891266,0,3.17604399115457,1.89572507506633,0,0,0.508894021852671,0,0,0.18023329669791,0.131767201442031,0,0,0,0,0,0,0,0,0,0,7.27325088765322,0,64.5551238415148,701.078129309916,701.078129309916,217.897236716603,139.3,974,704,844,1269,1319,56,64,52,54,31,20,16,19,-122.319479710656,38.2269864715847,Stanly - Stanly Ranch,704,779.755133773128,,,,,,,1269,860.722419601759,,12.8159532001701,15.2479572517515,7.80715651064979,6.48883850909285,,,,0.554824553530506,-219.001917850383,0.607892093336148,,,,0.0468204747865294,-431.172347684062,0.228015497210219,,,,-39.9023994053057,0.928557491846403,,,,-262.949475170227,0.529207007503034,,,,-17.1591455471818,-35.415179973103,0.00306780679267669,0.506541747580382,0.484513859881942,86.3458064617181,797.892308026356,0.261685301529179,0.513342083279505,0.796377488947833
7120627100,438038,0.619090499774876,0.218820351193156,0.162089149031968,0,0,0,0.025154661862943,0,0,0,0,0,0,0,0,0.042910893973718,0,0,0,0,0,0,0,0,0.004439058027694,2.26164947022615,0,0,0.081382727273858,0,0,0.004439058027694,0,0,0,0,0,0,0,0,0,0,0,8.64125365209568,0,11.0612295214877,1197.74539261937,1197.74539261937,324.917892468892,150.9,9210.8,370,420,1403,1444,26,29,25,29,20,12,51,12,-121.262230041936,36.4206436188489,Stonewall,370,417.5374784307,,,,,,,1403,829.735919816832,,15.8371476400601,20.3172504833375,0.680599870207904,0.650740600824408,,,,0.263789707811008,-556.657552768192,0.200903796677746,,-7.28520298404726,-9.11652703086295,0.0179808588736912,-648.574351606095,0.0689307043715532,,-7.56059165968696,-9.37974785158958,-340.158741464345,0.511795510667788,,,,-546.107270972113,0.216080564716178,,-3.85802651458016,-9.26242132196663,-16.9727558406288,-106.542383371198,0.0916456305900857,0.313479517065043,0.159305201400414,0,979.644266098502,0.0654325550077785,2.65329770514442,0.893524677789177
7121090480,438956,0.762433862433862,0.205820105820106,0.031746031746032,0,0,0,0.304427670304813,0,0,0,0,0,0,0,0.160543952270839,11.9908153167807,0,0,0,0,0,0,0.866331515891266,0,0.510408593197305,2.70828026312023,0,0,0.339262681235104,0,0,0,0.131767201442031,0,0,0,0,0,0,0,0,0,0,10.1895710275249,0,27.2014082217672,897.886108104924,897.886108104924,260.189280095562,128.8,834.7,703,868,1293,1328,55,66,51,55,30,19,18,19,-122.263743667081,38.2816587924729,Sugarloaf,703,777.977155193888,,,,,,,1293,880.702507037501,,13.0801586463146,15.5572875160313,8.36864040859314,6.89473338587216,,,,0.543755216003792,-299.383496147425,0.573053505803275,,,,0.0463255959638247,-550.175904090528,0.215402063020549,,,,-62.9220557070359,0.910267762126269,,,,-349.391425750823,0.501737917265642,,,,-17.5659252330622,-65.7298836628714,0.00517334328674336,0.299874167379025,0.267244124805664,90.8305656402032,1001.74310972318,0.229801595744608,0.56880009227646,0.804401392841427
7121090480,438956,0.762433862433862,0.205820105820106,0.031746031746032,0,0,0,0.304427670304813,0,0,0,0,0,0,0,0.160543952270839,11.9908153167807,0,0,0,0,0,0,0.866331515891266,0,0.510408593197305,2.70828026312023,0,0,0.339262681235104,0,0,0,0.131767201442031,0,0,0,0,0,0,0,0,0,0,10.1895710275249,0,27.2014082217672,897.886108104924,897.886108104924,260.189280095562,128.8,834.7,703,868,1293,1328,55,66,51,55,30,19,18,19,-122.263743667081,38.2816587924729,Sugarloaf East Producing,703,777.841402264355,,,,,,,1293,880.478062392512,,13.0904043138211,15.5582551347791,8.47084460099456,6.97339096561169,,,,0.543755987412356,-298.431117349449,0.574411679497468,,,,0.0463803406687336,-549.805702919619,0.215930001581295,,,,-63.0743619012878,0.910050560455111,,,,-350.505799043717,0.500148725554175,,,,-17.6290911326974,-65.9662439558475,0.0051697570302417,0.299874167379025,0.267244124805664,90.8305656402032,1001.74310972318,0.229801595744608,0.56880009227646,0.804401392841427
7121103840,438567,0.0875,0.666071428571429,0.246428571428571,0,0,0,0.212976362394815,0,0,0,0,0,0,0,0.160849283197751,13.1821941907335,0,0,0,0,0,0.069999226114551,0.580844636334179,0,0.513824101372543,1.93540300476786,0,0,0.320209222594484,0,1.40743129100837,0.032765595580308,0.168296005753724,0,0,0,0,0,0,0,0,0,0,7.14573417145056,0,25.7305270913026,820.272133885112,820.272133885112,241.932731103567,72.6,289.9,271,331,1516,1516,18,22,18,22,56,27,63,27,-120.051438808875,36.9284636611831,Sun River Winegrapes,271,286.223546048384,,,,,,,1516,1081.78082932771,,15.6753546705503,19.8790642896645,2.21710158950762,1.88812399228076,,,,0.178800981778238,-534.290596056132,-0.078397473679753,,-5.13029247730392,-6.33552698126607,0.0221750175042193,-511.313076488643,-0.032010900714794,,-5.48628383409117,-6.39379930692472,-269.971467148881,0.455383200169613,,,,-345.210996836862,0.303433164026374,,-3.33597164198505,-7.09414832108155,-19.1587983674742,-32.7659361904963,0.104525128687322,0.819112386421682,0.584716952877152,132.587469262407,670.906269022318,0.0654325550077785,2.65329770514442,0.893524677789177
7120642580,438071,0.808880308880309,0.065637065637066,0.125482625482625,0,0,0,0.404595695049457,0,0,0,0,0,0,0,0.25356751605946,54.1102367988151,0,0,0,0,0,0.162691869713121,1.37192238445626,0,0.441176740443835,1.5046421645847,0,0,0.492626050169619,0,0,4.78095150401033,0.29753816083734,0,0,0,0,0,0,0,0,0,0,5.63099475528489,0,69.4509436394241,675.471928951229,675.471928951229,215.069482169177,32.4,4031.9,330,474,1521,1468,22,33,22,32,22,11,15,7,-120.67800213439,35.7638827378121,Sunbelt,330,372.496910416463,,,,,,,1521,915.336598028822,,15.2771637859688,20.5581313069147,0.374892137249005,0.343968542665617,,,,0.21702562747029,-322.539373305462,0.376440853195489,,-5.07972927186553,-8.3630863149816,0.0129280570721721,-455.695517841062,0.118932365052526,,-5.26940751882898,-7.17682404949905,-179.651987251831,0.652909645407363,,,,-380.29437763962,0.264843227078953,,,-8.60142663787786,-17.4903345591227,-215.482845316776,0.0532857543546902,0.207594206533542,0.0811681065999039,111.223125,695.93940387038,0.1169075,0.857375,0.83731364375
7121090480,438956,0.762433862433862,0.205820105820106,0.031746031746032,0,0,0,0.304427670304813,0,0,0,0,0,0,0,0.160543952270839,11.9908153167807,0,0,0,0,0,0,0.866331515891266,0,0.510408593197305,2.70828026312023,0,0,0.339262681235104,0,0,0,0.131767201442031,0,0,0,0,0,0,0,0,0,0,10.1895710275249,0,27.2014082217672,897.886108104924,897.886108104924,260.189280095562,128.8,834.7,703,868,1293,1328,55,66,51,55,30,19,18,19,-122.263743667081,38.2816587924729,Suscol,703,777.981022722895,,,,,,,1293,879.803451166986,,13.0846405961377,15.5543315413582,8.3552447506131,6.8896540728254,,,,0.543755462728656,-298.884406966765,0.573765249699369,,,,0.0462917181782118,-550.04441571834,0.215589576695338,,,,-63.3907452263299,0.909599370749642,,,,-350.200967105385,0.500583441993341,,,,-17.5416010542426,-65.6388650901066,0.00517325601918153,0.299874167379025,0.267244124805664,90.8305656402032,1001.74310972318,0.229801595744608,0.56880009227646,0.804401392841427
7121090480,438956,0.762433862433862,0.205820105820106,0.031746031746032,0,0,0,0.304427670304813,0,0,0,0,0,0,0,0.160543952270839,11.9908153167807,0,0,0,0,0,0,0.866331515891266,0,0.510408593197305,2.70828026312023,0,0,0.339262681235104,0,0,0,0.131767201442031,0,0,0,0,0,0,0,0,0,0,10.1895710275249,0,27.2014082217672,897.886108104924,897.886108104924,260.189280095562,128.8,834.7,703,868,1293,1328,55,66,51,55,30,19,18,19,-122.263743667081,38.2816587924729,Suscol Mountain,703,777.35788722293,,,,,,,1293,880.859176006507,,13.1161275203259,15.5643641756837,9.12045222045598,7.47863417933122,,,,0.543757790251983,-296.288436576087,0.577467325704229,,,,0.0466207302798814,-548.807082222441,0.217354120182284,,,,-60.75052858977,0.913364545688825,,,,-351.861843436257,0.498214890166387,,,,-17.6946384832664,-66.2115153930275,0.00516092278363436,0.299874167379025,0.267244124805664,90.8305656402032,1001.74310972318,0.229801595744608,0.56880009227646,0.804401392841427
7121109910,438045,0.714542836573074,0.195464362850972,0.089992800575954,0,0,0,0,0,0,0,0,0,0,0,0,0,0,0,0,0,0,0,0,0,0,2.19209431939303,0,0,0,0,0,0,0,0,0,0,0,0,0,0,0,0,0,8.94596657124561,0,11.1380608906386,1211.99467437551,1211.99467437551,329.449350052238,190.5,8551.7,358,423,1404,1443,26,30,25,29,33,12,35,10,-121.194752404082,36.2049729691897,Terra Ventosa,358,403.998073418272,,,,,,,1404,841.50843789035,,15.329175208044,19.8342520474176,0.595410319448246,0.568378036396291,,,,0.255053670909895,-547.836834379633,0.223066315921005,,-6.90044837347296,-9.43345280373408,0.0165631037595461,-652.374576603986,0.074781702314694,,-7.41097425988852,-9.45927464543225,-323.936893943803,0.540720120407469,,,,-546.055588753073,0.225629737435138,,,-9.58580693706176,-17.5310615501893,-127.880234415055,0.0935510857702732,0.222688129780078,0.137089688882564,0,991.298852502626,0.0654325550077785,2.65329770514442,0.893524677789177
7121089740,438957,0.823383084577114,0.153233830845771,0.023383084577114,0,0,0,0.133742400950334,0,0,0,0,0,0,0,0.024316800008084,4.94086982077913,0,0,0,0,0,0,0,0,0.07447020036446,3.52908531266486,0,0,0.170217594621361,0,0,0,0,0,0,0,0,0,0,0,0,0,0,13.1142731532286,0,21.9869752826168,1060.50704499792,1060.50704499792,297.191894561112,129.6,705.8,805,898,1313,1334,62,68,54,55,36,17,27,19,-122.302489321613,38.3601635615559,True Oak,805,891.508075166978,,,,,,,1313,908.460084703836,,13.3437335477527,15.8362443205547,8.2061938503485,6.7220837201688,,,,0.613157341180111,-348.508958405813,0.583374485691269,,,,0.0524467992608081,-652.19496380621,0.220332632285085,,,,-76.6106863151376,0.908415649532822,,,,-408.335036311488,0.511855318463713,,,,-17.3227633953924,-79.1982843068693,0.00343015496983151,0.242820801739599,0.218726498269482,88.5598014991981,1195.00588293495,0.245546635638223,0.540360087662637,0.800379385877219
7121109910,438045,0.714542836573074,0.195464362850972,0.089992800575954,0,0,0,0,0,0,0,0,0,0,0,0,0,0,0,0,0,0,0,0,0,0,2.19209431939303,0,0,0,0,0,0,0,0,0,0,0,0,0,0,0,0,0,8.94596657124561,0,11.1380608906386,1211.99467437551,1211.99467437551,329.449350052238,190.5,8551.7,358,423,1404,1443,26,30,25,29,33,12,35,10,-121.194752404082,36.2049729691897,Victoria,358,404.364806823689,,,,,,,1404,829.61901523296,,14.984166364182,19.9946664859729,0.626223451102161,0.600852940647947,,,,0.255053861861367,-559.154166321623,0.207060393154084,,-7.14613817090879,-9.40041114700305,0.0165162395743134,-656.12153016451,0.0695222329899066,,-7.41614455235663,-9.50483121039338,-322.445621842923,0.542865897552977,,,,-544.183358790999,0.228332197285034,,,-9.71470450574478,-17.3095999725794,-126.26478412543,0.0936442182089408,0.222688129780078,0.137089688882564,0,991.298852502626,0.0654325550077785,2.65329770514442,0.893524677789177
7120627150,438039,0.61834451901566,0.238478747203579,0.143176733780761,0,0,0,0,0,0,0,0,0,0,0,0,0,0,0,0,0,0,0,0,0,0,1.71930679552236,0,0,0,0,0,0,0,0,0,0,0,0,0,0,0,0,0,6.92612794852493,0,8.64543474404729,1211.07459577847,1211.07459577847,329.077674907629,148.6,772.7,408,610,1353,1259,30,49,29,45,33,9,45,10,-121.307357840607,36.2788688365881,Viento,408,460.965063675648,,,,,,,1353,793.827056022242,,14.928142218143,19.455170730539,0.650617835054525,0.625478032475626,,,,0.301632688639331,-516.539732166923,0.262493076940209,,-4.66986469704387,-6.77910494303359,0.0196387214390919,-638.42766453717,0.0884634943882685,,-4.10982863290889,-7.47249389037017,-331.607800245229,0.526535843824589,,,,-544.87129590283,0.222041736810601,,,-5.8960030060284,-17.1627210762673,-96.4177904184223,0.0850937587780739,0.314189071490728,0.178003675481326,0,990.546313834973,0.0654325550077785,2.65329770514442,0.893524677789177
7121125490,437965,0.765144863915716,0.155399473222125,0.07945566286216,0,0.242123872056861,0,0.304467024956358,0,0,0,0,0,0,0,0.065278153162771,19.9461024424508,0,0,0,0,0,0.084092261551781,0,0,0.726439133533724,3.00382800705562,0,0,0.324775778184411,0,0,0.046396541222121,0,0,0,0,0,0,0,0,0,0,0,11.1281432315563,0,35.8716464457307,845.025810432884,845.025810432884,252.652116563876,156.9,296.6,413,434,1152,1187,36,37,32,33,20,18,20,16,-120.378942018711,34.7769854861879,Whitehills Vineyard,413,465.545810917466,,,,,,,1152,572.603574382784,,11.5467274806591,15.6667526066603,0.602154318058517,0.596056479235413,,,,0.358622355077711,-267.756927173657,0.524011206352502,,,,0.0189029447057978,-470.639928403022,0.163348137702488,,,,-104.277586994433,0.814626783471559,,,,-399.416100938179,0.289962018701955,,,,-10.3366333756359,-73.2943756137122,0.0726197368947093,0.219496432624184,0.141029011968308,123.030150375375,803.611137630356,0.076079203992,1.2762815625,0.860678257978598
7120574860,438995,0.888751545117429,0.091470951792336,0.019777503090235,0,0,0,0.479847654532288,0,0,0,0,0,0,0,0.345794969903309,26.6795304287826,0,0,0,0,0,0.828689276936768,1.74725480447449,0,1.30092033108714,1.620358709521,0,0,0.511837489451235,0,0,0.079212945055443,0.368644861846261,0,0,0,0,0,0,0,0,0,0,6.30282168425514,0,40.2649131558457,734.842622445659,734.842622445659,223.929029200912,50.6,2065.2,1061,1117,1334,1302,80,86,58,60,17,11,12,6,-122.809043173471,38.6069047189398,Windsor Hills,1061,1174.03075213107,,,,,,,1334,924.035595346254,,12.4552290210656,15.9345016050931,3.23251479493666,2.98936519463951,,,,0.795368414141269,-183.734047016568,0.704340961059088,,,,0.0663503537603798,-454.604221245087,0.268465211895735,,,,210.153877915709,1.33817299832655,,,,-60.7162963128096,0.902297249163198,,,,-15.1088702893683,-76.0900025653643,0,0.21935599456688,0.198565774477261,72.322521626292,896.647648837437,0.38653589133939,0.358485922408542,0.768918908233425
7120577470,438991,0.267241379310345,0.681034482758621,0.051724137931034,0,0,0,0,0,0,0,0,0,0,0,0,0,0,0,0,0,0,0,0,0,0,0.79039598848634,0,0,0,0,0,0,0,0,0,0,0,0,0,0,0,0,0,2.91801595748802,0,3.70841194597436,1204.69491756161,1204.69491756161,326.500538746182,14,449.9,983,932,1287,1269,77,74,58,57,32,22,37,20,-122.836702609691,38.4671529163838,Wohler,983,1088.80112812559,,,,,,,1287,868.969506858744,,12.2104831077652,15.4377241232544,2.99630902121682,2.84109148468878,,,,0.763798539950324,-351.210541545997,0.615389236195125,,,,0.0623802953652096,-700.754384102102,0.23260367492749,,,,-13.6675321356042,0.985032681676174,,,,-369.993377232042,0.59482014750026,,,,-13.5447107719452,-18.4250016337518,0.00633556840157139,0.787894424513212,0.735126706699082,0,1304.51196971766,0.184833390804761,0.663420431289062,0.816589087039121
